OBJECTID,title,category,target,weapon,killedinac,injured,datetimest,x,y
1,DETAIN RPT,Detain,Neutral,Unknown,0,8,7/27/2014,-121.84267250000,36.58915453010
2,INDIRECT FIRE RPT,Indirect Fire,Friendly,Mortar,9,0,7/27/2014,-121.85235820000,36.60429626990
3,MINE STRIKE RPT,Mine,Neutral,Mine,9,3,7/27/2014,-121.83203260000,36.63057086000
4,INTERDICTION RPT,IED,Friendly,VBIED,5,9,7/27/2014,-121.85037880000,36.59536962010
5,DIRECT FIRE RPT,Direct Fire,Friendly,Small Arms,2,1,7/27/2014,-121.93071540000,36.61798625980
6,DIRECT FIRE RPT,Direct Fire,Friendly,RPG,8,8,7/27/2014,-121.89730490000,36.58229377020
7,ATTACK RPT,Attack,Friendly,Small Arms,0,0,7/27/2014,-121.83279750000,36.60640447970
8,MINE STRIKE RPT,Mine,Neutral,Mine,5,2,7/27/2014,-121.91777020000,36.62137766980
9,IED EXPLOSION RPT,IED,Friendly,VOIED,1,9,7/27/2014,-121.88820520000,36.59862619980
10,INDIRECT FIRE RPT,Indirect Fire,Friendly,Mortar,9,9,7/27/2014,-121.88515650000,36.59701675040
11,CACHE FOUND/CLEARED RPT,Cache Found Cleared,Enemy,Unknown,1,0,7/27/2014,-121.93660340000,36.60798079010
12,MURDER,Murder,Friendly,Small Arms,7,8,7/27/2014,-121.89962370000,36.58694903970
13,INDIRECT FIRE RPT,Indirect Fire,Friendly,Mortar,3,4,7/27/2014,-121.91830250000,36.54731240990
14,ESCALATION OF FORCE RPT,Other,Enemy,Small Arms,4,5,7/27/2014,-121.92573090000,36.55548508980
15,INDIRECT FIRE RPT (Rocket),Indirect Fire,Friendly,Rocket,9,0,7/27/2014,-121.84048670000,36.60678372980
16,ATTACK RPT,Attack,Friendly,Hand Grenade,9,8,7/27/2014,-121.84903470000,36.58399588980
17,,IED,,,0,0,,-121.85752495700,36.58824226200
18,DIRECT FIRE RPT,Direct Fire,Friendly,Small Arms,2,0,7/27/2014,-121.92276690000,36.60272788030
19,ATTACK RPT,Attack,Friendly,Small Arms,9,0,7/27/2014,-121.90068780000,36.60096702020
20,DIRECT FIRE RPT,Direct Fire,Friendly,Small Arms,4,9,7/28/2014,-121.83013550000,36.59414835970
21,INDIRECT FIRE RPT,Indirect Fire,Friendly,Small Arms,2,5,7/28/2014,-121.92610840000,36.55611519980
22,CACHE FOUND/CLEARED RPT,Cache Found Cleared,Enemy,Unknown,1,8,7/28/2014,-121.87106410000,36.58829431990
23,IED EXPLOSION RPT,IED,Friendly,CWIED,8,9,7/28/2014,-121.85162080000,36.59239190980
24,ESCALATION OF FORCE RPT,Other,Enemy,Small Arms,9,9,7/28/2014,-121.84336580000,36.59248231970
25,ATTACK RPT,Attack,Friendly,Rocket,9,0,7/28/2014,-121.90307680000,36.60191840030
26,INDIRECT FIRE RPT,Indirect Fire,Friendly,Mortar,2,9,7/28/2014,-121.83944240000,36.59504824010
27,IED EXPLOSION RPT,IED,Friendly,VOIED,0,8,7/28/2014,-121.89511810000,36.58445532980
28,DIRECT FIRE RPT,Direct Fire,Friendly,Small Arms,8,4,7/28/2014,-121.92620760000,36.54768274970
29,ARREST RPT,Arrest,Enemy,Unknown,3,9,7/28/2014,-121.85595550000,36.59234566010
30,DIRECT FIRE RPT,Direct Fire,Friendly,Small Arms,0,0,7/28/2014,-121.86661030000,36.60212381970
31,IED EXPLOSION RPT,IED,Friendly,VOIED,9,9,7/28/2014,-121.88623360000,36.59684136960
32,IED EXPLOSION RPT,IED,Friendly,VOIED,8,2,7/28/2014,-121.82386930000,36.62671459000
33,IED EXPLOSION RPT,IED,Friendly,RCIED,0,7,7/28/2014,-121.84983570000,36.57949711990
34,SMALL UNIT ACTIONS RPT,Other,Enemy,Small Arms,0,2,7/28/2014,-121.84242970000,36.62064062020
35,DIRECT FIRE RPT,Direct Fire,Friendly,Small Arms,0,9,7/28/2014,-121.90626020000,36.59760326010
36,SURVEILLANCE RPT,Surveillance,Enemy,Unknown,0,9,7/28/2014,-121.89775910000,36.59610567000
37,UNEXPLODED ORDNANCE RPT,Unexploded Ordnance,Friendly,Unknown,9,1,7/28/2014,-121.84882500000,36.61538413030
38,DIRECT FIRE RPT,Direct Fire,Friendly,Small Arms,4,0,7/28/2014,-121.84616910000,36.60354462030
39,IED EXPLOSION RPT,IED,Friendly,VOIED,6,1,7/28/2014,-121.92214680000,36.61800758020
40,DIRECT FIRE RPT,Direct Fire,Friendly,Small Arms,8,1,7/28/2014,-121.85904500000,36.61017166000
41,INDIRECT FIRE RPT,Indirect Fire,Friendly,Mortar,8,9,7/28/2014,-121.83322610000,36.59689751030
42,IED EXPLOSION RPT,IED,Friendly,VOIED,1,2,7/29/2014,-121.92564140000,36.62622511000
43,ATTACK RPT,Attack,Friendly,Rocket,0,0,7/29/2014,-121.86121610000,36.60784712030
44,DISTURBANCE,Disturbance,Neutral,Small Arms,0,9,7/29/2014,-121.88130770000,36.59420808980
45,ATTACK RPT,Attack,Friendly,Rocket,4,0,7/29/2014,-121.83914670000,36.60669092010
46,IED EXPLOSION RPT,IED,Friendly,CWIED,8,2,7/29/2014,-121.91776710000,36.62139116010
47,SURVEILLANCE RPT,Surveillance,Enemy,Unknown,5,5,7/29/2014,-121.92025250000,36.55592632980
48,INDIRECT FIRE RPT (Rocket),Indirect Fire,Friendly,Rocket,9,0,7/29/2014,-121.86668960000,36.60197693010
49,UNEXPLODED ORDNANCE RPT,Unexploded Ordnance,Friendly,Unknown,0,8,7/29/2014,-121.87738940000,36.58658344960
50,IED EXPLOSION RPT,IED,Friendly,Unknown,1,2,7/29/2014,-121.83017550000,36.62299904980
51,INDIRECT FIRE RPT,Other,Friendly,Mortar,1,8,7/29/2014,-121.88900240000,36.58344581030
52,IED EXPLOSION RPT,IED,Friendly,VOIED,0,9,7/29/2014,-121.85069170000,36.59251587020
53,IED EXPLOSION RPT,IED,Friendly,VOIED,8,0,7/29/2014,-121.93660150000,36.60242189970
54,IED EXPLOSION RPT,IED,Friendly,CWIED,5,0,7/29/2014,-121.85948270000,36.60241871000
55,INDIRECT FIRE RPT,Indirect Fire,Friendly,Mortar,2,9,7/29/2014,-121.87785430000,36.59238590970
56,IED EXPLOSION RPT,IED,Friendly,Unknown,8,0,7/29/2014,-121.90460090000,36.60231468970
57,IED EXPLOSION RPT,IED,Friendly,VOIED,7,5,7/29/2014,-121.91972340000,36.55768823030
58,IED EXPLOSION RPT,IED,Friendly,RCIED,9,0,7/30/2014,-121.83945250000,36.60786562040
59,MURDER,Murder,Friendly,Small Arms,1,1,7/30/2014,-121.82720840000,36.61932803980
60,ESCALATION OF FORCE RPT,Other,Enemy,Unknown,4,1,7/30/2014,-121.83317800000,36.61775857010
61,IED EXPLOSION RPT,IED,Friendly,VOIED,2,9,7/30/2014,-121.84125160000,36.59404759990
62,DIRECT FIRE RPT,Direct Fire,Friendly,Small Arms,1,0,7/30/2014,-121.94248500000,36.60226621030
63,ATTACK RPT,Attack,Friendly,Small Arms,2,0,7/30/2014,-121.83890390000,36.60563648020
64,IED EXPLOSION RPT,IED,Friendly,VOIED,0,6,7/30/2014,-121.91556780000,36.56657015970
65,IED EXPLOSION RPT,IED,Friendly,RCIED,6,3,7/30/2014,-121.81883880000,36.63625479970
66,IED EXPLOSION RPT,IED,Friendly,VOIED,9,1,7/30/2014,-121.83320830000,36.61395975000
67,IED EXPLOSION RPT,IED,Friendly,Unknown,0,2,7/30/2014,-121.84282690000,36.62385180980
68,ESCALATION OF FORCE RPT,Other,Enemy,Small Arms,9,0,7/30/2014,-121.93772760000,36.60215524000
69,ESCALATION OF FORCE RPT,Other,Enemy,Unknown,0,7,7/30/2014,-121.84956130000,36.57949794010
70,INDIRECT FIRE RPT,Indirect Fire,Friendly,Mortar,0,6,7/30/2014,-121.91554080000,36.56667191000
71,CACHE FOUND/CLEARED RPT,Cache Found Cleared,Enemy,Unknown,9,2,7/30/2014,-121.83069620000,36.62944452970
72,IED EXPLOSION RPT,IED,Friendly,VOIED,9,8,7/30/2014,-121.87396890000,36.58477946030
73,IED EXPLOSION RPT,IED,Friendly,VOIED,2,9,7/30/2014,-121.86105870000,36.59635690000
74,DIRECT FIRE RPT,Direct Fire,Friendly,Small Arms,4,2,7/30/2014,-121.92177880000,36.62456568970
75,INDIRECT FIRE RPT (Rocket),Indirect Fire,Friendly,Rocket,9,1,7/30/2014,-121.91086810000,36.61468049000
76,IED EXPLOSION RPT,IED,Friendly,Unknown,9,0,7/31/2014,-121.91111100000,36.60579911010
77,ARREST RPT,Arrest,Neutral,Small Arms,8,9,7/31/2014,-121.85023470000,36.59954626020
78,IED EXPLOSION RPT,IED,Friendly,CWIED,9,9,7/31/2014,-121.89870260000,36.59974960010
79,IED EXPLOSION RPT,IED,Friendly,VOIED,7,8,7/31/2014,-121.84985800000,36.58005705990
80,IED EXPLOSION RPT,IED,Friendly,Unknown,1,8,7/31/2014,-121.83165540000,36.58519450980
81,ESCALATION OF FORCE RPT,Other,Enemy,Small Arms,0,1,7/31/2014,-121.84786160000,36.61963239020
82,IED EXPLOSION RPT,IED,Friendly,CWIED,1,0,7/31/2014,-121.89936580000,36.60456451010
83,ATTACK RPT,Attack,Friendly,Small Arms,0,0,7/31/2014,-121.90034390000,36.60346063000
84,DIRECT FIRE RPT,Direct Fire,Friendly,Small Arms,8,0,7/31/2014,-121.84286140000,36.60219658000
85,IED EXPLOSION RPT,IED,Friendly,VOIED,1,0,7/31/2014,-121.89802200000,36.60038425020
86,UNEXPLODED ORDNANCE RPT,Unexploded Ordnance,Friendly,,0,2,7/31/2014,-121.92252970000,36.62238611990
87,IED EXPLOSION RPT,IED,Friendly,VOIED,8,0,7/31/2014,-121.86692670000,36.60189849980
88,CACHE FOUND/CLEARED RPT,Cache Found Cleared,Enemy,Unknown,3,8,7/31/2014,-121.85235820000,36.58335501980
89,IED EXPLOSION RPT,IED,Friendly,VOIED,2,0,7/31/2014,-121.84931460000,36.60707395970
90,IED EXPLOSION RPT,IED,Friendly,CWIED,8,0,8/1/2014,-121.93454690000,36.60319470010
91,DIRECT FIRE RPT,Direct Fire,Friendly,Small Arms,0,8,8/1/2014,-121.82939860000,36.58518467960
92,UNEXPLODED ORDNANCE RPT,Unexploded Ordnance,Friendly,Unknown,9,9,8/1/2014,-121.87625320000,36.59287288970
93,ESCALATION OF FORCE RPT,Other,Enemy,Unknown,3,5,8/1/2014,-121.92350270000,36.55291904000
94,IED EXPLOSION RPT,IED,Friendly,VOIED,9,9,8/1/2014,-121.83619920000,36.59145903020
95,ARREST RPT,Arrest,Neutral,Small Arms,1,0,8/1/2014,-121.82600810000,36.60940212030
96,ATTACK RPT,Attack,Friendly,Small Arms,4,0,8/1/2014,-121.83795280000,36.60110299030
97,IED EXPLOSION RPT,IED,Friendly,VOIED,0,1,8/1/2014,-121.84470500000,36.61879066040
98,IED EXPLOSION RPT,IED,Friendly,Unknown,9,1,8/1/2014,-121.85198950000,36.61343502020
99,ARREST RPT,Arrest,Enemy,Unknown,9,0,8/1/2014,-121.85785260000,36.60880906980
100,IED EXPLOSION RPT,IED,Neutral,CWIED,0,1,8/1/2014,-121.93306460000,36.61865472000
101,IED EXPLOSION RPT,IED,Friendly,Unknown,9,5,8/1/2014,-121.92572190000,36.55473540020
102,ATTACK RPT,Attack,Neutral,Small Arms,9,2,8/1/2014,-121.92388770000,36.62652112010
103,IED EXPLOSION RPT,IED,Friendly,Unknown,9,0,8/1/2014,-121.86659160000,36.60213023010
104,DIRECT FIRE RPT,Direct Fire,Friendly,Small Arms,0,8,8/1/2014,-121.87215230000,36.58933028030
105,IED EXPLOSION RPT,IED,Friendly,VOIED,9,8,8/1/2014,-121.89966260000,36.58727686000
106,ARSON,Arson,Friendly,Small Arms,4,0,8/1/2014,-121.86548850000,36.60063105980
107,CACHE FOUND/CLEARED RPT,Cache Found Cleared,Enemy,Unknown,9,2,8/1/2014,-121.91900280000,36.62157707980
108,ATTACK RPT,Attack,Friendly,Hand Grenade,4,2,8/1/2014,-121.84031840000,36.62263833990
109,CACHE FOUND/CLEARED RPT,Cache Found Cleared,Enemy,Unknown,0,8,8/2/2014,-121.92157190000,36.58871893000
110,DETAIN RPT,Detain,Enemy,Unknown,9,9,8/2/2014,-121.85432680000,36.59230546020
111,DIRECT FIRE RPT,Direct Fire,Friendly,Small Arms,4,5,8/2/2014,-121.91345870000,36.55546308970
112,MINE FOUND/CLEARED RPT,Mine,Friendly,Mine,9,9,8/2/2014,-121.85986770000,36.59479261000
113,INDIRECT FIRE RPT,Indirect Fire,Friendly,Mortar,0,3,8/2/2014,-121.83191930000,36.63061916010
114,DIRECT FIRE RPT,Direct Fire,Friendly,Small Arms,3,0,8/2/2014,-121.83864780000,36.60756689000
115,MINE STRIKE RPT,Mine,Neutral,Mine,8,4,8/2/2014,-121.92896400000,36.54289738030
116,CACHE FOUND/CLEARED RPT,Cache Found Cleared,Enemy,Unknown,0,8,8/2/2014,-121.87645110000,36.58758256020
117,DIRECT FIRE RPT,Direct Fire,Friendly,Small Arms,9,9,8/2/2014,-121.85893230000,36.59635077030
118,ESCALATION OF FORCE RPT,Other,Enemy,Small Arms,9,0,8/2/2014,-121.84246970000,36.60613754030
119,CACHE FOUND/CLEARED RPT,Cache Found Cleared,Enemy,Unknown,0,4,8/2/2014,-121.92637770000,36.54920176980
120,DIRECT FIRE RPT,Direct Fire,Friendly,Small Arms,9,9,8/2/2014,-121.84719900000,36.59073150030
121,DIRECT FIRE RPT,Direct Fire,Friendly,Small Arms,8,8,8/2/2014,-121.83029760000,36.58171871030
122,DIRECT FIRE RPT,Direct Fire,Friendly,Small Arms,1,9,8/2/2014,-121.86279820000,36.59663190030
123,INDIRECT FIRE RPT,Indirect Fire,Neutral,Mortar,0,1,8/2/2014,-121.93033970000,36.61652843000
124,INDIRECT FIRE RPT,Indirect Fire,Friendly,Mortar,9,8,8/2/2014,-121.85198050000,36.58452047010
125,DIRECT FIRE RPT,Direct Fire,Friendly,Small Arms,4,8,8/2/2014,-121.82758810000,36.58622992030
126,INDIRECT FIRE RPT,Indirect Fire,Neutral,Mortar,7,0,8/2/2014,-121.83890390000,36.60563648020
127,DIRECT FIRE RPT,Direct Fire,Friendly,Small Arms,2,9,8/2/2014,-121.88605580000,36.59044948980
128,IED EXPLOSION RPT,IED,Friendly,VOIED,9,4,8/2/2014,-121.92228510000,36.54314495970
129,ESCALATION OF FORCE RPT,Other,Enemy,Small Arms,9,6,8/3/2014,-121.91703370000,36.56754138980
130,DIRECT FIRE RPT,Direct Fire,Friendly,Small Arms,9,9,8/3/2014,-121.86895040000,36.59467789010
131,IED EXPLOSION,IED,Friendly,Unknown,1,0,8/3/2014,-121.91073000000,36.60518692980
132,MINE FOUND/CLEARED RPT,Mine,Friendly,Mine,1,9,8/3/2014,-121.94710530000,36.59503020000
133,PROPAGANDA,Propaganda,Friendly,Small Arms,1,1,8/3/2014,-121.84685440000,36.61745867980
134,DETAIN RPT,Detain,Enemy,Unknown,9,5,8/3/2014,-121.91894050000,36.55472321010
135,SURVEILLANCE RPT,Surveillance,Enemy,Unknown,9,5,8/3/2014,-121.91522060000,36.55936010040
136,ATTACK RPT,Arrest,Neutral,Small Arms,3,2,8/3/2014,-121.82775410000,36.62251183020
137,MINE FOUND/CLEARED RPT,Mine,Friendly,Mine,1,1,8/3/2014,-121.90896150000,36.61291980980
138,ASSASSINATION,Assassination,Neutral,Small Arms,0,9,8/3/2014,-121.87981620000,36.59816188010
139,DISTURBANCE,Disturbance,Friendly,Small Arms,9,4,8/3/2014,-121.92577170000,36.54487184980
140,INDIRECT FIRE RPT,Indirect Fire,Friendly,Small Arms,9,9,8/3/2014,-121.87875200000,36.59262604010
141,INDIRECT FIRE RPT,Indirect Fire,Friendly,Mortar,1,0,8/3/2014,-121.83750100000,36.60109497010
142,DISTURBANCE,Disturbance,Enemy,Small Arms,9,5,8/3/2014,-121.92781390000,36.55225623000
143,UNEXPLODED ORDNANCE RPT,Unexploded Ordnance,Friendly,Unknown,9,9,8/3/2014,-121.95311020000,36.59700103010
144,MINE FOUND/CLEARED RPT,Mine,Friendly,Mine,4,2,8/3/2014,-121.91777020000,36.62137766980
145,INDIRECT FIRE RPT (Rocket),Indirect Fire,Friendly,Rocket,0,9,8/4/2014,-121.86691060000,36.59742920990
146,DIRECT FIRE RPT,Direct Fire,Friendly,Small Arms,8,9,8/4/2014,-121.86132850000,36.59675460990
147,IED EXPLOSION RPT,IED,Friendly,VOIED,9,0,8/4/2014,-121.92235730000,36.60748229990
148,INDIRECT FIRE RPT,Indirect Fire,Friendly,Mortar,1,0,8/4/2014,-121.92399830000,36.60629866990
149,ARREST RPT,Arrest,Enemy,Unknown,0,9,8/4/2014,-121.92654600000,36.59933346990
150,DIRECT FIRE RPT,Direct Fire,Friendly,Small Arms,5,0,8/4/2014,-121.92219960000,36.60751978980
151,IED EXPLOSION RPT,IED,Friendly,Unknown,8,0,8/4/2014,-121.86495740000,36.60008089980
152,DIRECT FIRE RPT,Direct Fire,Friendly,Small Arms,1,2,8/4/2014,-121.82641380000,36.62273173020
153,DIRECT FIRE RPT,Direct Fire,Friendly,Small Arms,0,5,8/4/2014,-121.92048640000,36.55741625970
154,SURVEILLANCE RPT,Surveillance,Enemy,Unknown,9,4,8/4/2014,-121.91510990000,36.54862674000
155,DISTURBANCE,Disturbance,Friendly,Small Arms,0,9,8/4/2014,-121.89043680000,36.59120006030
156,UNEXPLODED ORDNANCE RPT,Unexploded Ordnance,Friendly,Unknown,5,9,8/4/2014,-121.87941420000,36.59262658970
157,DIRECT FIRE RPT,Direct Fire,Friendly,Small Arms,5,9,8/4/2014,-121.87783970000,36.59398031980
158,DIRECT FIRE RPT,Direct Fire,Friendly,Small Arms,1,8,8/4/2014,-121.89331160000,36.58315883990
159,IED EXPLOSION RPT,IED,Friendly,CWIED,2,2,8/4/2014,-121.82874240000,36.62290042990
160,DETAIN RPT,Detain,Enemy,Unknown,6,2,8/4/2014,-121.92074630000,36.62066186990
161,IED EXPLOSION RPT,IED,Friendly,VOIED,0,8,8/4/2014,-121.85111450000,36.58738013020
162,IED EXPLOSION RPT,IED,Friendly,VOIED,0,8,8/4/2014,-121.87804650000,36.58620231000
163,DIRECT FIRE RPT,Direct Fire,Friendly,Small Arms,9,2,8/4/2014,-121.92466490000,36.62314765990
164,IED EXPLOSION RPT,IED,Friendly,Unknown,3,0,8/4/2014,-121.93300000000,36.60129844020
165,DETAIN RPT,Detain,Neutral,Unknown,6,1,8/4/2014,-121.84181760000,36.61419926960
166,DETAIN RPT,Detain,Enemy,Unknown,5,8,8/4/2014,-121.89204530000,36.58292953980
167,DIRECT FIRE RPT,Direct Fire,Friendly,Small Arms,1,9,8/4/2014,-121.90775060000,36.59637058000
168,INDIRECT FIRE RPT,Indirect Fire,Friendly,Mortar,0,2,8/4/2014,-121.82999470000,36.62740048010
169,DIRECT FIRE RPT,Direct Fire,Friendly,Small Arms,5,5,8/4/2014,-121.92595570000,36.55405975020
170,DIRECT FIRE RPT,Direct Fire,Friendly,Small Arms,9,1,8/5/2014,-121.92377080000,36.61947219980
171,ATTACK RPT,Attack,Friendly,Small Arms,9,1,8/5/2014,-121.83606240000,36.61855872990
172,CACHE FOUND/CLEARED RPT,Cache Found Cleared,Enemy,Unknown,0,4,8/5/2014,-121.91262260000,36.54464356980
173,DIRECT FIRE RPT,Direct Fire,Friendly,Small Arms,9,5,8/5/2014,-121.91997530000,36.55256046970
174,CACHE FOUND/CLEARED RPT,Cache Found Cleared,Enemy,Unknown,9,9,8/5/2014,-121.84122500000,36.59388340030
175,DIRECT FIRE RPT,Direct Fire,Friendly,Small Arms,9,8,8/5/2014,-121.83127270000,36.58766623010
176,ARREST RPT,Arrest,Enemy,Unknown,5,1,8/5/2014,-121.93306460000,36.61865472000
177,CACHE FOUND/CLEARED RPT,Cache Found Cleared,Enemy,Unknown,9,1,8/5/2014,-121.84058610000,36.61322227970
178,IED EXPLOSION RPT,IED,Friendly,VOIED,9,9,8/5/2014,-121.90820030000,36.59708275990
179,CACHE FOUND/CLEARED RPT,Cache Found Cleared,Enemy,Unknown,8,1,8/5/2014,-121.92220520000,36.61120529030
180,CACHE FOUND/CLEARED RPT,Cache Found Cleared,Enemy,Unknown,0,8,8/5/2014,-121.87845650000,36.58831282030
181,IED EXPLOSION RPT,IED,Friendly,VOIED,0,5,8/27/2014,-121.92361750000,36.55626282970
182,IED EXPLOSION RPT,IED,Friendly,VOIED,0,1,8/27/2014,-121.90969010000,36.61569762960
183,INDIRECT FIRE RPT,Indirect Fire,Friendly,Mortar,0,9,8/27/2014,-121.84125160000,36.59404759990
184,DIRECT FIRE RPT,Direct Fire,Friendly,RPG,0,1,8/27/2014,-121.91285300000,36.61200056010
185,IED EXPLOSION RPT,IED,Friendly,Unknown,5,6,8/27/2014,-121.91574770000,36.56632042010
186,CACHE FOUND/CLEARED RPT,Cache Found Cleared,Enemy,Unknown,3,5,8/27/2014,-121.91308920000,36.55570117020
187,IED EXPLOSION RPT,IED,Friendly,Unknown,1,0,8/27/2014,-121.83381380000,36.60474851970
188,ATTACK RPT,Attack,Friendly,Small Arms,0,2,8/27/2014,-121.92509280000,36.62384770970
189,INDIRECT FIRE RPT,Indirect Fire,Friendly,Mortar,9,1,8/27/2014,-121.92988100000,36.61897828000
190,DIRECT FIRE RPT,Direct Fire,Friendly,Small Arms,0,4,8/27/2014,-121.91925780000,36.54735263960
191,DIRECT FIRE RPT,Direct Fire,Friendly,Small Arms,0,1,8/27/2014,-121.82526920000,36.61852842010
192,IED EXPLOSION RPT,IED,Friendly,VOIED,9,0,8/27/2014,-121.95589190000,36.60258181980
193,IED EXPLOSION RPT,IED,Friendly,VOIED,9,0,8/27/2014,-121.85335600000,36.60804136040
194,INDIRECT FIRE RPT,Indirect Fire,Friendly,Small Arms,2,9,8/27/2014,-121.86719780000,36.59821961000
195,DIRECT FIRE RPT,Direct Fire,Friendly,Small Arms,8,1,8/27/2014,-121.91211820000,36.61088065010
196,IED EXPLOSION RPT,IED,Friendly,CWIED,3,2,8/27/2014,-121.82925500000,36.62552628000
197,CACHE FOUND/CLEARED RPT,Cache Found Cleared,Enemy,Unknown,1,9,8/27/2014,-121.88820520000,36.59862619980
198,DIRECT FIRE RPT,Direct Fire,Friendly,Small Arms,5,1,8/27/2014,-121.91851240000,36.61668749020
199,IED EXPLOSION RPT,IED,Friendly,RCIED,9,9,8/27/2014,-121.89598430000,36.59073622970
200,INDIRECT FIRE RPT,Indirect Fire,Friendly,Small Arms,9,8,8/27/2014,-121.83100410000,36.58724430980
201,DETAIN RPT,Detain,Enemy,Unknown,4,9,8/27/2014,-121.85055060000,36.59159644010
202,ESCALATION OF FORCE RPT,Other,Enemy,Small Arms,1,9,8/27/2014,-121.84560640000,36.59858944980
203,IED EXPLOSION RPT,IED,Friendly,VOIED,5,9,8/27/2014,-121.95747900000,36.59820623030
204,IED EXPLOSION RPT,IED,Friendly,VOIED,9,2,8/27/2014,-121.82895590000,36.62106268020
205,IED EXPLOSION RPT,IED,Friendly,VOIED,2,0,8/28/2014,-121.83374180000,36.60024402970
206,IED EXPLOSION RPT,IED,Friendly,VOIED,9,0,8/28/2014,-121.92573400000,36.60636342030
207,ASSASSINATION,Assassination,Neutral,Small Arms,1,9,8/28/2014,-121.83656360000,36.59702298020
208,INDIRECT FIRE RPT,Indirect Fire,Friendly,Mortar,9,9,8/28/2014,-121.89007230000,36.59430864030
209,SURVEILLANCE RPT,Surveillance,Friendly,Unknown,9,9,8/28/2014,-121.87901910000,36.59262554030
210,INDIRECT FIRE RPT,Indirect Fire,Friendly,Mortar,8,8,8/28/2014,-121.87064140000,36.58754510020
211,DIRECT FIRE RPT,Direct Fire,Friendly,RPG,0,9,8/28/2014,-121.89897310000,36.59116231000
212,INDIRECT FIRE RPT (Rocket),Indirect Fire,Friendly,Rocket,9,0,8/28/2014,-121.92256150000,36.60829536010
213,IED EXPLOSION RPT,IED,Friendly,VOIED,9,9,8/28/2014,-121.95581050000,36.59732340000
214,UNEXPLODED ORDNANCE RPT,Unexploded Ordnance,Friendly,Unknown,9,7,8/28/2014,-121.91236230000,36.57473340970
215,IED EXPLOSION RPT,IED,Friendly,VOIED,0,0,8/28/2014,-121.83215000000,36.60468399000
216,ATTACK RPT,Attack,Friendly,Hand Grenade,9,9,8/28/2014,-121.84789150000,36.59148990030
217,DIRECT FIRE RPT,Direct Fire,Friendly,Small Arms,8,9,8/28/2014,-121.89218920000,36.59217916980
218,DIRECT FIRE RPT,Direct Fire,Friendly,Small Arms,5,0,8/28/2014,-121.92321080000,36.60926575020
219,ARREST RPT,Arrest,Enemy,Unknown,3,4,8/28/2014,-121.92279910000,36.54478581030
220,INDIRECT FIRE RPT,Indirect Fire,Friendly,Small Arms,1,9,8/28/2014,-121.85722110000,36.59451885010
221,DIRECT FIRE RPT,Direct Fire,Friendly,VOIED,0,1,8/28/2014,-121.83579500000,36.61749955000
222,INDIRECT FIRE RPT,Indirect Fire,Neutral,Mortar,4,2,8/28/2014,-121.82916830000,36.62655117010
223,IED EXPLOSION RPT,IED,Friendly,VOIED,8,1,8/29/2014,-121.82340760000,36.61728906030
224,IED EXPLOSION RPT,IED,Friendly,VOIED,0,2,8/29/2014,-121.82916830000,36.62655117010
225,UNEXPLODED ORDNANCE RPT,Unexploded Ordnance,Friendly,Unknown,9,9,8/29/2014,-121.84623380000,36.59053273030
226,IED EXPLOSION RPT,IED,Friendly,VOIED,1,2,8/29/2014,-121.83265970000,36.62866159030
227,DIRECT FIRE RPT,Direct Fire,Friendly,VOIED,8,0,8/29/2014,-121.85757430000,36.60213183030
228,DIRECT FIRE RPT,Direct Fire,Friendly,Small Arms,9,1,8/29/2014,-121.92649060000,36.61782269020
229,DIRECT FIRE RPT,Direct Fire,Friendly,Small Arms,9,9,8/29/2014,-121.90775060000,36.59637058000
230,SURVEILLANCE RPT,Surveillance,Enemy,Unknown,9,6,8/29/2014,-121.91749480000,36.56037411980
231,INDIRECT FIRE RPT (Rocket),Indirect Fire,Friendly,Rocket,1,1,8/29/2014,-121.84236740000,36.61550498000
232,IED EXPLOSION RPT,IED,Friendly,VOIED,1,9,8/29/2014,-121.83089680000,36.59686976020
233,SAFIRE RPT,Small Arms Fire,Friendly,Small Arms,1,5,8/30/2014,-121.92815910000,36.55225493970
234,(COUNTER-INSURGENCY) DEFECTING RPT,Other,Friendly,Unknown,9,6,8/30/2014,-121.91703370000,36.56754138980
235,INDIRECT FIRE RPT,Indirect Fire,Friendly,Small Arms,9,8,8/30/2014,-121.87693080000,36.58844069020
236,IED EXPLOSION RPT,IED,Friendly,RCIED,9,8,8/30/2014,-121.85948420000,36.58770815990
237,IED EXPLOSION RPT,IED,Friendly,VOIED,0,2,8/30/2014,-121.82848480000,36.62155599980
238,CACHE FOUND/CLEARED RPT,Cache Found Cleared,Enemy,Unknown,0,9,8/30/2014,-121.85162080000,36.59239190980
239,INDIRECT FIRE RPT,Indirect Fire,Friendly,Small Arms,5,9,8/30/2014,-121.89950380000,36.59751149020
240,ATTACK RPT,Attack,Neutral,Small Arms,9,6,8/30/2014,-121.91703370000,36.56754138980
241,DETAIN RPT,Detain,Enemy,Unknown,9,8,12/25/2014,-121.87691930000,36.58907963980
242,DIRECT FIRE RPT,Direct Fire,Friendly,Small Arms,5,9,8/30/2014,-121.83955560000,36.59644476000
243,DIRECT FIRE RPT,Direct Fire,Friendly,Small Arms,1,9,8/30/2014,-121.83951100000,36.59488838020
244,SAFIRE RPT,Small Arms Fire,Neutral,Small Arms,1,0,8/30/2014,-121.86659160000,36.60213023010
245,INDIRECT FIRE RPT,Indirect Fire,Friendly,Mortar,1,9,8/30/2014,-121.85825920000,36.59500612970
246,MINE FOUND/CLEARED RPT,Mine,Friendly,Mine,9,9,8/30/2014,-121.86141900000,36.59883373020
247,ATTACK RPT,Attack,Enemy,GPMG,1,0,8/30/2014,-121.90331490000,36.60157470010
248,CACHE FOUND/CLEARED RPT,Cache Found Cleared,Enemy,Unknown,9,1,8/30/2014,-121.84382420000,36.61756507990
249,MINE STRIKE RPT,Mine,Neutral,Mine,5,9,8/31/2014,-121.83041120000,36.59493653960
250,ESCALATION OF FORCE RPT,Other,Enemy,Small Arms,0,0,8/31/2014,-121.86042210000,36.60826328030
251,INDIRECT FIRE RPT,Indirect Fire,Friendly,Mortar,9,1,8/31/2014,-121.90817920000,36.61430073000
252,IED EXPLOSION RPT,IED,Friendly,VOIED,8,2,8/31/2014,-121.91240620000,36.62101920970
253,SURVEILLANCE RPT,Surveillance,Enemy,Unknown,0,9,8/31/2014,-121.94994940000,36.59319178970
254,SURVEILLANCE RPT,Surveillance,Enemy,Unknown,2,5,8/31/2014,-121.91997530000,36.55256046970
255,CACHE FOUND/CLEARED RPT,Cache Found Cleared,Enemy,Unknown,0,1,8/31/2014,-121.92062410000,36.61200111020
256,INDIRECT FIRE RPT (Rocket),Indirect Fire,Friendly,Rocket,0,1,8/31/2014,-121.82799520000,36.61336044980
257,DIRECT FIRE RPT,Direct Fire,Friendly,Mortar,9,8,8/31/2014,-121.83278860000,36.58948316970
258,DIRECT FIRE RPT,Direct Fire,Friendly,Small Arms,9,5,8/31/2014,-121.91804170000,36.55106103020
259,DETAIN RPT,Detain,Enemy,Unknown,1,9,8/31/2014,-121.89315150000,36.59376087010
260,IED EXPLOSION RPT,IED,Friendly,VOIED,9,0,8/31/2014,-121.89692170000,36.60163703000
261,DETAIN RPT,Detain,Enemy,Unknown,5,2,8/31/2014,-121.93481300000,36.62805109020
262,DIRECT FIRE RPT,Direct Fire,Friendly,Small Arms,9,0,8/31/2014,-121.92579340000,36.60176529030
263,DIRECT FIRE RPT,Direct Fire,Friendly,Small Arms,0,8,8/31/2014,-121.86324900000,36.58615361990
264,IED EXPLOSION RPT,IED,Friendly,VOIED,0,8,8/31/2014,-121.87135950000,36.58841579990
265,DIRECT FIRE RPT,Direct Fire,Friendly,Small Arms,1,7,8/31/2014,-121.91492470000,36.57798934020
266,DIRECT FIRE RPT,Direct Fire,Friendly,Small Arms,0,8,8/31/2014,-121.89948270000,36.58852556020
267,INDIRECT FIRE RPT,Indirect Fire,Friendly,Mortar,0,0,8/31/2014,-121.83307630000,36.60163152020
268,INDIRECT FIRE RPT,Indirect Fire,Friendly,Small Arms,6,4,8/31/2014,-121.92440620000,36.54941533980
269,DISTURBANCE,Disturbance,Enemy,Small Arms,0,1,8/31/2014,-121.83129950000,36.61262938980
270,UNEXPLODED ORDNANCE RPT,Unexploded Ordnance,Friendly,,9,0,8/31/2014,-121.86912160000,36.60307531020
271,DIRECT FIRE RPT,Direct Fire,Friendly,Small Arms,0,2,8/31/2014,-121.82872420000,36.62136256010
272,IED EXPLOSION RPT,IED,Friendly,VOIED,9,9,8/31/2014,-121.86700000000,36.59815251030
273,IED EXPLOSION RPT,IED,Friendly,CWIED,9,9,8/31/2014,-121.92308310000,36.59238506000
274,IED EXPLOSION RPT,IED,Friendly,VOIED,0,2,9/1/2014,-121.84788860000,36.62083486980
275,DIRECT FIRE RPT,Direct Fire,Friendly,Small Arms,8,4,9/1/2014,-121.91878690000,36.54733441010
276,IED EXPLOSION RPT,IED,Friendly,RCIED,0,9,9/1/2014,-121.84289740000,36.59596227990
277,DIRECT FIRE RPT,Direct Fire,Friendly,RPG,9,8,9/1/2014,-121.87693040000,36.58821875000
278,INDIRECT FIRE RPT,Indirect Fire,Friendly,Mortar,0,2,9/1/2014,-121.82726870000,36.62269786980
279,DIRECT FIRE RPT,Direct Fire,Friendly,Small Arms,0,6,9/1/2014,-121.91853930000,36.56034986980
280,IED EXPLOSION RPT,IED,Friendly,CWIED,1,9,9/1/2014,-121.86995800000,36.59338163030
281,DISTURBANCE,Disturbance,Friendly,Small Arms,0,9,9/1/2014,-121.89906000000,36.59206817990
282,CACHE FOUND/CLEARED RPT,Cache Found Cleared,Enemy,Unknown,1,4,9/1/2014,-121.92700800000,36.54535037970
283,IED EXPLOSION RPT,IED,Friendly,RCIED,0,2,9/1/2014,-121.91776710000,36.62139116010
284,UNEXPLODED ORDNANCE RPT,Unexploded Ordnance,Friendly,Unknown,9,1,9/1/2014,-121.83524970000,36.61396899970
285,DIRECT FIRE RPT,Direct Fire,Friendly,Small Arms,9,0,9/1/2014,-121.87013300000,36.60111587980
286,CACHE FOUND/CLEARED RPT,Cache Found Cleared,Enemy,Unknown,1,8,9/1/2014,-121.89733970000,36.58238731970
287,INDIRECT FIRE RPT,Indirect Fire,Friendly,Mortar,0,9,9/1/2014,-121.86046760000,36.59803216990
288,DIRECT FIRE RPT,Direct Fire,Friendly,RPG,2,8,9/1/2014,-121.83036940000,36.58447301970
289,INDIRECT FIRE RPT,Indirect Fire,Friendly,Small Arms,9,0,9/1/2014,-121.83993810000,36.60182577020
290,DIRECT FIRE RPT,Direct Fire,Friendly,RPG,4,0,9/2/2014,-121.85987970000,36.60060989970
291,DIRECT FIRE RPT,Direct Fire,Friendly,Small Arms,9,1,9/2/2014,-121.91381790000,36.61383916030
292,ARSON,Arson,Friendly,Small Arms,5,0,9/2/2014,-121.89741370000,36.60428693970
293,IED EXPLOSION RPT,IED,Friendly,VOIED,9,5,9/2/2014,-121.92332970000,36.55181993020
294,DIRECT FIRE RPT,Direct Fire,Friendly,VOIED,9,9,9/2/2014,-121.89251290000,36.59108771010
295,INDIRECT FIRE RPT,Indirect Fire,Neutral,Mortar,0,0,9/2/2014,-121.82737360000,36.60139295030
296,CACHE FOUND/CLEARED RPT,Cache Found Cleared,Enemy,Unknown,1,6,9/2/2014,-121.91519020000,36.56064179980
297,(COUNTER-INSURGENCY) DEFECTING RPT,Other,Friendly,Unknown,9,0,9/2/2014,-121.83242880000,36.60128002000
298,IED EXPLOSION RPT,IED,Friendly,VOIED,0,9,9/2/2014,-121.86663620000,36.59754455970
299,CACHE FOUND/CLEARED RPT,Cache Found Cleared,Enemy,Unknown,9,0,9/2/2014,-121.83197920000,36.60974326970
300,DIRECT FIRE RPT,Direct Fire,Friendly,Small Arms,9,6,9/2/2014,-121.91559480000,36.56647766030
301,MINE STRIKE RPT,Mine,Neutral,Mine,9,8,9/2/2014,-121.84715120000,36.58408573970
302,UNEXPLODED ORDNANCE RPT,Unexploded Ordnance,Friendly,Unknown,9,0,9/2/2014,-121.85697490000,36.60058858970
303,DIRECT FIRE RPT,Direct Fire,Friendly,Small Arms,0,4,9/2/2014,-121.91878690000,36.54733441010
304,IED EXPLOSION RPT,IED,Friendly,Unknown,2,9,9/2/2014,-121.90401740000,36.59025542030
305,ESCALATION OF FORCE RPT,Other,Enemy,Small Arms,0,1,9/2/2014,-121.91964560000,36.61212675960
306,IED EXPLOSION RPT,IED,Neutral,CWIED,9,3,9/2/2014,-121.92651040000,36.63299512030
307,DIRECT FIRE RPT,Direct Fire,Friendly,RPG,9,1,9/2/2014,-121.91122780000,36.61419049010
308,IED EXPLOSION RPT,IED,Friendly,CWIED,9,9,9/2/2014,-121.89822940000,36.59920861030
309,ESCALATION OF FORCE RPT,Other,Enemy,Small Arms,0,9,9/2/2014,-121.87146880000,36.59162418990
310,IED EXPLOSION RPT,IED,Friendly,VOIED,4,0,9/2/2014,-121.90533520000,36.60137627040
311,CACHE FOUND/CLEARED RPT,Cache Found Cleared,Enemy,Unknown,1,3,9/2/2014,-121.92867740000,36.63262770980
312,MEDEVAC RPT,Other,Neutral,Unknown,0,9,9/2/2014,-121.84880590000,36.59765496980
313,IED EXPLOSION RPT,IED,Friendly,Unknown,9,3,9/2/2014,-121.83203260000,36.63057086000
314,IED EXPLOSION RPT,IED,Friendly,VOIED,9,0,9/2/2014,-121.84721410000,36.60694169020
315,DIRECT FIRE RPT,Direct Fire,Friendly,Small Arms,0,9,9/2/2014,-121.89424920000,36.59537111010
316,IED EXPLOSION RPT,IED,Friendly,VOIED,9,8,9/2/2014,-121.84533450000,36.58824806990
317,INDIRECT FIRE RPT (Rocket),Indirect Fire,Friendly,Rocket,1,8,9/2/2014,-121.85350940000,36.58740635020
318,IED EXPLOSION RPT,IED,Friendly,CWIED,1,9,9/3/2014,-121.86700000000,36.59815251030
319,INDIRECT FIRE RPT,Indirect Fire,Friendly,Small Arms,1,1,9/3/2014,-121.84751310000,36.61549047990
320,CACHE FOUND/CLEARED RPT,Cache Found Cleared,Enemy,Unknown,9,4,9/3/2014,-121.91901750000,36.54330457030
321,IED EXPLOSION RPT,IED,Friendly,VOIED,9,8,9/3/2014,-121.89101670000,36.58628242030
322,INDIRECT FIRE RPT (Rocket),Indirect Fire,Friendly,Rocket,5,0,9/3/2014,-121.86185190000,36.60573515030
323,IED EXPLOSION RPT,IED,Friendly,VOIED,4,8,9/3/2014,-121.88353770000,36.58978351000
324,IED EXPLOSION RPT,IED,Friendly,VOIED,0,0,9/3/2014,-121.86666630000,36.60222918010
325,DIRECT FIRE RPT,Direct Fire,Friendly,Small Arms,9,2,9/4/2014,-121.82095250000,36.62128462030
326,IED EXPLOSION RPT,IED,Friendly,VOIED,5,5,9/4/2014,-121.92481360000,36.55053344000
327,ESCALATION OF FORCE RPT,Other,Enemy,Unknown,2,0,9/4/2014,-121.90409730000,36.60267542980
328,DIRECT FIRE RPT,Direct Fire,Friendly,RPG,0,9,9/4/2014,-121.92181020000,36.59631797010
329,IED EXPLOSION RPT,IED,Friendly,VOIED,1,0,9/4/2014,-121.83795070000,36.60359233010
330,IED EXPLOSION RPT,IED,Friendly,VOIED,9,8,9/4/2014,-121.86718800000,36.58944126980
331,IED EXPLOSION RPT,IED,Friendly,Unknown,9,2,9/4/2014,-121.82657600000,36.62240084000
332,INDIRECT FIRE RPT,Indirect Fire,Friendly,Mortar,0,0,9/4/2014,-121.83914670000,36.60669092010
333,IED EXPLOSION RPT,IED,Friendly,VOIED,8,9,9/4/2014,-121.85953710000,36.59474324020
334,IED EXPLOSION RPT,IED,Friendly,VOIED,9,4,9/4/2014,-121.91285710000,36.54347117970
335,DIRECT FIRE RPT,Direct Fire,Friendly,RPG,0,9,9/4/2014,-121.85261000000,36.59461183020
336,IED EXPLOSION RPT,IED,Friendly,VOIED,9,9,9/4/2014,-121.95070020000,36.59221804980
337,IED EXPLOSION RPT,IED,Friendly,Unknown,0,9,9/4/2014,-121.86733370000,36.59601986000
338,DIRECT FIRE RPT,Direct Fire,Friendly,Small Arms,0,6,9/4/2014,-121.91875970000,36.56046091040
339,IED EXPLOSION RPT,IED,Friendly,Unknown,0,1,9/4/2014,-121.92632020000,36.61557708020
340,SURVEILLANCE RPT,Surveillance,Enemy,Unknown,8,9,9/4/2014,-121.86492500000,36.59756570980
341,INDIRECT FIRE RPT,Indirect Fire,Friendly,Mortar,0,8,9/4/2014,-121.89948270000,36.58852556020
342,CACHE FOUND/CLEARED RPT,Cache Found Cleared,Enemy,Unknown,5,4,9/4/2014,-121.92178220000,36.54669339970
343,DIRECT FIRE RPT,Direct Fire,Friendly,RPG,0,9,9/4/2014,-121.85049660000,36.59967140990
344,IED EXPLOSION RPT,IED,Friendly,VOIED,9,0,9/4/2014,-121.85152190000,36.60889339020
345,CACHE FOUND/CLEARED RPT,Cache Found Cleared,Enemy,Unknown,1,9,9/4/2014,-121.92109970000,36.59558736020
346,PROPAGANDA,Propaganda,Friendly,RPG,3,9,9/5/2014,-121.83994710000,36.59158614980
347,DIRECT FIRE RPT,Direct Fire,Friendly,Small Arms,2,2,9/5/2014,-121.93027870000,36.62050727000
348,DIRECT FIRE RPT,Direct Fire,Friendly,Small Arms,4,9,9/5/2014,-121.88166290000,36.59632625980
349,IED EXPLOSION RPT,IED,Friendly,Unknown,0,1,9/5/2014,-121.85034830000,36.61645087980
350,IED EXPLOSION RPT,IED,Friendly,VOIED,9,1,9/5/2014,-121.82328320000,36.61088208000
351,ARREST RPT,Arrest,Enemy,Unknown,2,9,9/5/2014,-121.87785880000,36.59264494990
352,MINE STRIKE RPT,Mine,Friendly,Mine,1,0,9/5/2014,-121.85714260000,36.60143809990
353,INDIRECT FIRE RPT,Indirect Fire,Friendly,Mortar,1,9,9/5/2014,-121.89124490000,36.59657277010
354,DIRECT FIRE RPT,Direct Fire,Friendly,RPG,0,5,9/5/2014,-121.91071030000,36.55269044970
355,ATTACK RPT,Attack,Friendly,Small Arms,0,9,9/5/2014,-121.86711810000,36.59050124970
356,DIRECT FIRE RPT,Direct Fire,Friendly,Small Arms,0,1,9/5/2014,-121.91348990000,36.61522616990
357,DIRECT FIRE RPT,Direct Fire,Friendly,Small Arms,1,9,9/5/2014,-121.86156730000,36.59857040010
358,DIRECT FIRE RPT,Direct Fire,Friendly,Small Arms,0,9,9/5/2014,-121.90775060000,36.59637058000
359,CACHE FOUND/CLEARED RPT,Cache Found Cleared,Enemy,Unknown,1,0,9/5/2014,-121.87102030000,36.60071665990
360,(COUNTER-INSURGENCY) DEFECTING RPT,Other,Friendly,Unknown,1,1,9/24/2014,-121.91863140000,36.61803266000
361,IED EXPLOSION RPT,IED,Neutral,CWIED,1,0,9/24/2014,-121.90156440000,36.60320822030
362,ESCALATION OF FORCE RPT,Other,Enemy,Unknown,1,1,9/24/2014,-121.83979280000,36.61489441030
363,INDIRECT FIRE RPT,Indirect Fire,Friendly,Mortar,0,8,9/24/2014,-121.87451780000,36.58731167000
364,ATTACK RPT,Attack,Neutral,Small Arms,1,9,9/24/2014,-121.89534580000,36.59831171010
365,DIRECT FIRE RPT,Direct Fire,Friendly,Small Arms,5,8,9/24/2014,-121.83127270000,36.58766623010
366,INDIRECT FIRE RPT,Indirect Fire,Friendly,Small Arms,1,9,9/24/2014,-121.87052160000,36.59437355010
367,INTERDICTION RPT,IED,Friendly,VBIED,0,5,9/24/2014,-121.92221460000,36.55783632990
368,CACHE FOUND/CLEARED RPT,Cache Found Cleared,Enemy,Unknown,9,8,9/24/2014,-121.86085680000,36.58351225990
369,DIRECT FIRE RPT,Direct Fire,Friendly,Small Arms,9,1,9/24/2014,-121.82610740000,36.61931300980
370,INDIRECT FIRE RPT,Indirect Fire,Friendly,Small Arms,0,1,9/24/2014,-121.85236720000,36.61255628960
371,ASSASSINATION,Assassination,Neutral,Small Arms,0,9,9/24/2014,-121.84711810000,36.59152689020
372,DIRECT FIRE RPT,Direct Fire,Friendly,Small Arms,9,8,9/24/2014,-121.83241690000,36.58744667020
373,ESCALATION OF FORCE RPT,Other,Neutral,Small Arms,0,1,9/24/2014,-121.91026560000,36.61614168010
374,DIRECT FIRE RPT,Direct Fire,Friendly,Small Arms,8,2,9/24/2014,-121.82591940000,36.62009774000
375,DIRECT FIRE RPT,Direct Fire,Friendly,RPG,1,5,9/24/2014,-121.91731170000,36.55892470010
376,MINE STRIKE RPT,Mine,Neutral,Mine,9,0,9/25/2014,-121.84966930000,36.60652545020
377,DETAIN RPT,Detain,Enemy,Unknown,1,5,9/25/2014,-121.91395330000,36.55542609970
378,DIRECT FIRE RPT,Direct Fire,Friendly,Small Arms,1,1,9/25/2014,-121.90368250000,36.61238764010
379,INDIRECT FIRE RPT,Indirect Fire,Friendly,Small Arms,9,1,9/25/2014,-121.82524320000,36.61710670010
380,IED EXPLOSION RPT,IED,Friendly,VOIED,9,1,9/25/2014,-121.83497660000,36.61403062010
381,INDIRECT FIRE RPT,Indirect Fire,Friendly,Mortar,1,5,9/25/2014,-121.91894050000,36.55472321010
382,IED EXPLOSION RPT,IED,Friendly,VOIED,6,9,9/25/2014,-121.83260230000,36.59615010000
383,DIRECT FIRE RPT,Direct Fire,Friendly,Small Arms,0,1,9/25/2014,-121.82889490000,36.61808766980
384,ESCALATION OF FORCE RPT,Other,Enemy,Small Arms,8,0,9/25/2014,-121.85999660000,36.60150719010
385,INDIRECT FIRE RPT,Indirect Fire,Friendly,Small Arms,8,3,9/25/2014,-121.81852330000,36.63625144990
386,ATTACK RPT,Attack,Friendly,Small Arms,8,1,9/25/2014,-121.83419420000,36.61263379990
387,DIRECT FIRE RPT,Direct Fire,Friendly,Small Arms,0,2,9/25/2014,-121.82870640000,36.62155976980
388,ATTACK RPT,Attack,Enemy,Small Arms,9,9,9/25/2014,-121.85595550000,36.59234566010
389,DISTURBANCE,Disturbance,Friendly,Small Arms,1,5,9/25/2014,-121.91408320000,36.55837870000
390,IED EXPLOSION RPT,IED,Friendly,VOIED,8,1,9/25/2014,-121.93023840000,36.61888292980
391,DIRECT FIRE RPT,Direct Fire,Friendly,Small Arms,9,9,9/25/2014,-121.90728550000,36.59242227960
392,ESCALATION OF FORCE RPT,Other,Enemy,Small Arms,8,1,9/25/2014,-121.92096870000,36.61840511000
393,DIRECT FIRE RPT,Direct Fire,Friendly,Small Arms,8,2,9/25/2014,-121.92064180000,36.62202284980
394,IED EXPLOSION RPT,IED,Friendly,RCIED,9,0,9/25/2014,-121.84925160000,36.60707395970
395,IED EXPLOSION,IED,Friendly,Unknown,9,0,9/25/2014,-121.90105880000,36.60306285010
396,IED EXPLOSION RPT,IED,Friendly,CWIED,2,0,9/26/2014,-121.95419450000,36.60124962990
397,SURVEILLANCE RPT,Surveillance,Friendly,Unknown,0,9,9/26/2014,-121.85215140000,36.59426959040
398,IED EXPLOSION RPT,IED,Friendly,VOIED,0,9,9/26/2014,-121.86329080000,36.59943971980
399,INDIRECT FIRE RPT,Indirect Fire,Friendly,Mortar,9,8,9/26/2014,-121.89296260000,36.58955226990
400,IED EXPLOSION RPT,IED,Friendly,VOIED,5,0,9/26/2014,-121.91677170000,36.60585748980
401,MINE FOUND/CLEARED RPT,Mine,Friendly,Mine,8,0,9/26/2014,-121.83236920000,36.60584497030
402,IED EXPLOSION RPT,IED,Friendly,VOIED,5,8,9/26/2014,-121.89948270000,36.58852556020
403,DIRECT FIRE RPT,Direct Fire,Friendly,Small Arms,4,9,9/26/2014,-121.86703770000,36.59132648000
404,IED EXPLOSION RPT,IED,Friendly,Unknown,2,0,9/26/2014,-121.84354440000,36.60485952020
405,IED EXPLOSION RPT,IED,Friendly,VOIED,9,9,9/26/2014,-121.84288160000,36.59599907010
406,DIRECT FIRE RPT,Direct Fire,Friendly,Small Arms,6,0,9/26/2014,-121.93826710000,36.60616839000
407,INDIRECT FIRE RPT,Indirect Fire,Friendly,Small Arms,9,8,9/26/2014,-121.84533450000,36.58824806990
408,DIRECT FIRE RPT,Direct Fire,Friendly,RPG,5,9,9/27/2014,-121.84122500000,36.59388340030
409,INDIRECT FIRE RPT,Indirect Fire,Friendly,Mortar,8,0,9/27/2014,-121.92261970000,36.60273932000
410,ARREST RPT,Arrest,Enemy,Unknown,3,4,9/27/2014,-121.92637770000,36.54920176980
411,DIRECT FIRE RPT,Direct Fire,Friendly,RPG,1,0,9/27/2014,-121.89705440000,36.60166835030
412,IED EXPLOSION RPT,IED,Friendly,VOIED,0,9,9/27/2014,-121.90094270000,36.59692881010
413,IED EXPLOSION RPT,IED,Friendly,VOIED,8,9,9/27/2014,-121.85003800000,36.59787697010
414,ESCALATION OF FORCE RPT,Other,Enemy,Small Arms,0,8,9/27/2014,-121.88643880000,36.58651032980
415,IED EXPLOSION RPT,IED,Friendly,RCIED,1,1,9/27/2014,-121.92055390000,36.61197873970
416,IED EXPLOSION RPT,IED,Friendly,VOIED,1,2,9/27/2014,-121.91776710000,36.62139116010
417,DIRECT FIRE RPT,Direct Fire,Friendly,Small Arms,9,5,9/27/2014,-121.92817710000,36.55285666000
418,DIRECT FIRE RPT,Direct Fire,Friendly,Small Arms,0,9,9/27/2014,-121.92337160000,36.59707386020
419,IED EXPLOSION RPT,IED,Friendly,VOIED,8,0,9/27/2014,-121.83744700000,36.60496125970
420,CACHE FOUND/CLEARED RPT,Cache Found Cleared,Enemy,Unknown,8,9,9/27/2014,-121.94869000000,36.59555865980
421,ATTACK RPT,Attack,Friendly,Small Arms,5,9,9/27/2014,-121.87948070000,36.59232927030
422,DIRECT FIRE RPT,Direct Fire,Friendly,Small Arms,8,9,9/27/2014,-121.86427820000,36.59532103030
423,DIRECT FIRE RPT,Direct Fire,Friendly,Small Arms,4,2,9/27/2014,-121.91777020000,36.62137766980
424,IED EXPLOSION RPT,IED,Friendly,VOIED,8,4,9/27/2014,-121.92627880000,36.54939612000
425,CACHE FOUND/CLEARED RPT,Cache Found Cleared,Enemy,Unknown,9,9,9/27/2014,-121.89002490000,36.59312088030
426,DIRECT FIRE RPT,Direct Fire,Friendly,Small Arms,3,0,9/27/2014,-121.92219960000,36.60751978980
427,DETAIN RPT,Detain,Enemy,Unknown,1,0,9/27/2014,-121.90930340000,36.60491103030
428,INDIRECT FIRE RPT,Indirect Fire,Friendly,Mortar,4,0,9/27/2014,-121.92153410000,36.60890743000
429,DIRECT FIRE RPT,Direct Fire,Friendly,Small Arms,0,8,9/27/2014,-121.86392350000,36.58430773000
430,DIRECT FIRE RPT,Direct Fire,Friendly,Small Arms,0,9,9/27/2014,-121.87779320000,36.59561134020
431,IED EXPLOSION RPT,IED,Friendly,VOIED,9,5,9/27/2014,-121.91605420000,36.55338425020
432,CACHE FOUND/CLEARED RPT,Cache Found Cleared,Enemy,Unknown,5,1,9/28/2014,-121.92380040000,36.61559586970
433,SAFIRE RPT,Small Arms Fire,Friendly,Small Arms,4,4,9/28/2014,-121.91884550000,36.54581973970
434,CACHE FOUND/CLEARED RPT,Cache Found Cleared,Enemy,Unknown,9,1,9/28/2014,-121.93082530000,36.61777647010
435,CACHE FOUND/CLEARED RPT,Cache Found Cleared,Enemy,Unknown,0,0,9/28/2014,-121.89072230000,36.60140100000
436,IED EXPLOSION RPT,IED,Friendly,VOIED,2,9,9/28/2014,-121.88826810000,36.59836467990
437,DIRECT FIRE RPT,Direct Fire,Friendly,Small Arms,9,4,9/28/2014,-121.92093270000,36.54569336970
438,MINE FOUND/CLEARED RPT,Mine,Friendly,Mine,9,9,9/28/2014,-121.90269240000,36.59657012970
439,IED EXPLOSION RPT,IED,Friendly,CWIED,9,1,9/28/2014,-121.91926780000,36.61885222000
440,ESCALATION OF FORCE RPT,Other,Enemy,Small Arms,9,1,9/28/2014,-121.84693530000,36.61046584970
441,DETAIN RPT,Detain,Enemy,Unknown,2,6,9/28/2014,-121.91708090000,36.56184130980
442,IED EXPLOSION RPT,IED,Friendly,VOIED,9,1,9/28/2014,-121.91587310000,36.61706584980
443,INDIRECT FIRE RPT,Indirect Fire,Friendly,Mortar,8,9,9/28/2014,-121.94648770000,36.59658205000
444,DIRECT FIRE RPT,Direct Fire,Friendly,RPG,0,1,9/28/2014,-121.90788240000,36.61322761990
445,ATTACK RPT,Attack,Neutral,Small Arms,8,1,9/28/2014,-121.93017780000,36.61884886010
446,IED EXPLOSION RPT,IED,Friendly,VOIED,2,9,9/28/2014,-121.90669840000,36.59350675030
447,DIRECT FIRE RPT,Direct Fire,Friendly,Small Arms,9,9,9/28/2014,-121.88737780000,36.59908867980
448,MINE STRIKE RPT,Mine,Neutral,Mine,0,1,9/28/2014,-121.92060780000,36.61196023990
449,ATTACK RPT,Attack,Neutral,Small Arms,8,4,9/28/2014,-121.92160610000,36.54968717990
450,ATTACK RPT,Attack,Friendly,Small Arms,0,2,9/28/2014,-121.92751580000,36.62544960030
451,DIRECT FIRE RPT,Direct Fire,Friendly,Small Arms,1,5,9/28/2014,-121.91163600000,36.55946553000
452,CACHE FOUND/CLEARED RPT,Cache Found Cleared,Enemy,Unknown,2,9,9/28/2014,-121.95468400000,36.59837893010
453,IED EXPLOSION RPT,IED,Friendly,CWIED,8,9,9/28/2014,-121.84232460000,36.59810885020
454,ATTACK RPT,Attack,Neutral,Small Arms,8,9,9/28/2014,-121.88820520000,36.59862619980
455,DIRECT FIRE RPT,Direct Fire,Friendly,Small Arms,2,9,9/28/2014,-121.85739820000,36.59460856010
456,IED EXPLOSION RPT,IED,Friendly,Unknown,8,9,9/28/2014,-121.95070020000,36.59221804980
457,PROPAGANDA,Propaganda,Friendly,RPG,9,0,9/28/2014,-121.86495740000,36.60008089980
458,INDIRECT FIRE RPT,Indirect Fire,Friendly,Mortar,0,0,9/28/2014,-121.83005460000,36.60941072010
459,DIRECT FIRE RPT,Direct Fire,Friendly,Mortar,5,4,9/28/2014,-121.92627880000,36.54939612000
460,DIRECT FIRE RPT,Direct Fire,Friendly,Small Arms,8,2,9/29/2014,-121.93206000000,36.62028916980
461,MEDEVAC RPT,Other,Neutral,Unknown,8,1,9/29/2014,-121.83988460000,36.61634870980
462,IED EXPLOSION RPT,IED,Friendly,VOIED,3,1,9/29/2014,-121.85522070000,36.61206792030
463,INDIRECT FIRE RPT (Rocket),Indirect Fire,Friendly,Rocket,0,2,9/29/2014,-121.92491290000,36.62550356020
464,IED EXPLOSION RPT,IED,Friendly,CWIED,1,0,9/29/2014,-121.85882430000,36.60223357990
465,INDIRECT FIRE RPT (Rocket),Indirect Fire,Friendly,Rocket,6,8,9/29/2014,-121.87008800000,36.58975708020
466,DIRECT FIRE RPT,Direct Fire,Friendly,Small Arms,9,1,9/29/2014,-121.91700780000,36.61667921000
467,DIRECT FIRE RPT,Direct Fire,Friendly,Small Arms,9,8,9/29/2014,-121.90130480000,36.58195757990
468,DIRECT FIRE RPT,Direct Fire,Friendly,RPG,9,1,9/29/2014,-121.91733420000,36.61378368960
469,DISTURBANCE,Disturbance,Friendly,CWIED,0,0,9/29/2014,-121.82444450000,36.60639199990
470,CACHE FOUND/CLEARED RPT,Cache Found Cleared,Enemy,Unknown,9,1,9/29/2014,-121.91532870000,36.61554031020
471,IED EXPLOSION RPT,IED,Friendly,CWIED,7,1,9/29/2014,-121.83141590000,36.61628362020
472,ESCALATION OF FORCE RPT,Other,Enemy,Small Arms,0,0,9/29/2014,-121.83628690000,36.60719997990
473,INDIRECT FIRE RPT,Indirect Fire,Friendly,Mortar,9,5,9/29/2014,-121.92372970000,36.55222763040
474,CACHE FOUND/CLEARED RPT,Cache Found Cleared,Enemy,Unknown,6,8,9/29/2014,-121.84123650000,36.58320229990
475,ATTACK RPT,Attack,Friendly,Small Arms,9,9,9/29/2014,-121.83579840000,36.59086162010
476,IED EXPLOSION RPT,IED,Friendly,VOIED,0,0,9/29/2014,-121.85853380000,36.60973230990
477,DIRECT FIRE RPT,Direct Fire,Friendly,Small Arms,8,0,9/29/2014,-121.90180290000,36.60337130030
478,MINE STRIKE RPT,Mine,Neutral,Mine,1,0,9/29/2014,-121.83118780000,36.60485049010
479,ATTACK RPT,Attack,Neutral,Small Arms,9,8,9/29/2014,-121.85075090000,36.58377573010
480,DIRECT FIRE RPT,Direct Fire,Friendly,Small Arms,8,0,9/29/2014,-121.87962980000,36.60087537990
481,DIRECT FIRE RPT,Direct Fire,Friendly,RPG,8,9,9/29/2014,-121.84020790000,36.59946703980
482,DIRECT FIRE RPT,Direct Fire,Friendly,RPG,9,0,9/29/2014,-121.86888310000,36.60211646020
483,DIRECT FIRE RPT,Direct Fire,Friendly,Small Arms,0,0,9/29/2014,-121.83197920000,36.60974326970
484,SAFIRE RPT,Small Arms Fire,Friendly,Small Arms,1,8,9/29/2014,-121.83160140000,36.58678548000
485,DIRECT FIRE RPT,Direct Fire,Friendly,Small Arms,9,9,9/29/2014,-121.84912790000,36.59272612970
486,IED EXPLOSION RPT,IED,Friendly,VOIED,8,0,9/29/2014,-121.92618360000,36.60639118000
487,DIRECT FIRE RPT,Direct Fire,Friendly,RPG,9,8,9/29/2014,-121.84486640000,36.58428802980
488,SURVEILLANCE RPT,Surveillance,Enemy,Unknown,9,1,9/29/2014,-121.91844240000,36.61797818010
489,DIRECT FIRE RPT,Direct Fire,Friendly,Small Arms,0,9,9/29/2014,-121.86882810000,36.59466343010
490,DIRECT FIRE RPT,Direct Fire,Friendly,Small Arms,8,8,9/29/2014,-121.85198050000,36.58452047010
491,DIRECT FIRE RPT,Direct Fire,Friendly,RPG,1,1,9/29/2014,-121.92055390000,36.61197873970
492,ATTACK RPT,Attack,Friendly,Small Arms,9,8,9/30/2014,-121.83302200000,36.58942730000
493,DIRECT FIRE RPT,Direct Fire,Friendly,Small Arms,5,8,9/30/2014,-121.83211570000,36.58178434990
494,IED EXPLOSION RPT,IED,Friendly,VOIED,0,4,9/30/2014,-121.92576690000,36.54845087980
495,IED EXPLOSION RPT,IED,Friendly,VOIED,0,0,9/30/2014,-121.84551440000,36.60055013000
496,MINE STRIKE RPT,Mine,Neutral,Mine,0,1,9/30/2014,-121.82237340000,36.61911111000
497,ARREST,Arrest,Enemy,None,2,9,9/30/2014,-121.90737290000,36.59709201010
498,INDIRECT FIRE RPT,Indirect Fire,Friendly,Unknown,9,1,9/30/2014,-121.84318510000,36.61695919010
499,DIRECT FIRE RPT,Direct Fire,Friendly,Small Arms,1,0,9/30/2014,-121.84077450000,36.60270437990
500,IED EXPLOSION RPT,IED,Friendly,VOIED,2,8,9/30/2014,-121.83127270000,36.58766623010
501,DIRECT FIRE RPT,Direct Fire,Friendly,Small Arms,9,9,9/30/2014,-121.84525360000,36.59056973010
502,DIRECT FIRE RPT,Direct Fire,Friendly,Small Arms,8,8,9/30/2014,-121.84533450000,36.58824806990
503,ARREST RPT,Arrest,Enemy,Unknown,5,1,9/30/2014,-121.92067980000,36.61381968030
504,MEDEVAC RPT,Other,Neutral,Unknown,0,0,9/30/2014,-121.83238960000,36.60183216980
505,INDIRECT FIRE RPT (Rocket),Indirect Fire,Friendly,Rocket,9,9,9/30/2014,-121.83944240000,36.59504824010
506,INDIRECT FIRE RPT,Indirect Fire,Neutral,Mortar,0,4,9/30/2014,-121.92270200000,36.54842366010
507,INDIRECT FIRE RPT,Indirect Fire,Friendly,Unknown,0,8,9/30/2014,-121.82785130000,36.58104857020
508,IED EXPLOSION RPT,IED,Friendly,VOIED,9,9,9/30/2014,-121.82938010000,36.59456483020
509,CACHE FOUND/CLEARED RPT,Cache Found Cleared,Enemy,Unknown,0,9,9/30/2014,-121.85412990000,36.59257689980
510,IED EXPLOSION RPT,IED,Friendly,VOIED,9,3,9/30/2014,-121.83191930000,36.63061916010
511,MINE FOUND/CLEARED RPT,Mine,Friendly,Mine,1,0,9/30/2014,-121.92235730000,36.60748229990
512,DIRECT FIRE RPT,Direct Fire,Friendly,Small Arms,9,0,9/30/2014,-121.82885890000,36.60999410990
513,ESCALATION OF FORCE RPT,Other,Enemy,Small Arms,2,5,9/30/2014,-121.92335880000,36.55286369000
514,IED EXPLOSION RPT,IED,Friendly,Unknown,0,9,9/30/2014,-121.89078620000,36.59640627020
515,INDIRECT FIRE RPT,Indirect Fire,Neutral,Mortar,8,0,10/1/2014,-121.84831130000,36.60592422010
516,ATTACK RPT,Attack,Neutral,Small Arms,1,8,10/1/2014,-121.87693080000,36.58844069020
517,INDIRECT FIRE RPT,Indirect Fire,Friendly,Mortar,9,0,10/1/2014,-121.83795070000,36.60383282010
518,DIRECT FIRE RPT,Direct Fire,Friendly,Small Arms,1,0,10/1/2014,-121.83964760000,36.60377171010
519,IED EXPLOSION RPT,IED,Friendly,VOIED,5,0,10/1/2014,-121.84881450000,36.60067873970
520,IED EXPLOSION RPT,IED,Friendly,Unknown,9,2,10/1/2014,-121.91777020000,36.62137766980
521,IED EXPLOSION RPT,IED,Friendly,Unknown,0,1,10/1/2014,-121.83991390000,36.61910914030
522,SAFIRE RPT,Small Arms Fire,Neutral,Small Arms,0,4,10/1/2014,-121.93118060000,36.54285321980
523,INDIRECT FIRE RPT,Indirect Fire,Friendly,Mortar,2,0,10/1/2014,-121.86348670000,36.60157000960
524,(COUNTER-INSURGENCY) DEFECTING RPT,Other,Friendly,Unknown,0,1,10/1/2014,-121.91980740000,36.61210825990
525,SAFIRE RPT,Small Arms Fire,Neutral,Small Arms,0,9,10/1/2014,-121.90669840000,36.59350675030
526,IED EXPLOSION RPT,IED,Friendly,VOIED,8,2,10/1/2014,-121.82743030000,36.62180888010
527,IED EXPLOSION RPT,IED,Friendly,VOIED,5,1,10/1/2014,-121.85906670000,36.61043698970
528,INDIRECT FIRE RPT,Indirect Fire,Friendly,Small Arms,4,4,10/1/2014,-121.91367100000,36.54339718980
529,IED EXPLOSION RPT,IED,Friendly,VOIED,1,0,10/1/2014,-121.94179250000,36.60516048000
530,ATTACK RPT,Attack,Neutral,Small Arms,8,0,10/1/2014,-121.83914670000,36.60669092010
531,IED EXPLOSION RPT,IED,Friendly,VOIED,8,0,10/1/2014,-121.91285560000,36.60865224970
532,IED EXPLOSION RPT,IED,Friendly,Unknown,1,1,10/1/2014,-121.84150280000,36.61270139030
533,DIRECT FIRE RPT,Direct Fire,Friendly,RPG,9,0,10/1/2014,-121.86603690000,36.60264056970
534,DISTURBANCE,Disturbance,Friendly,Small Arms,2,0,10/1/2014,-121.83936260000,36.60768063030
535,INDIRECT FIRE RPT,Indirect Fire,Friendly,Unknown,8,8,10/2/2014,-121.83393980000,36.58138224990
536,INDIRECT FIRE RPT,Indirect Fire,Friendly,Mortar,9,0,10/2/2014,-121.84131380000,36.60197825990
537,CACHE FOUND/CLEARED RPT,Cache Found Cleared,Enemy,Unknown,4,9,10/2/2014,-121.88399430000,36.59707261030
538,MINE STRIKE RPT,Mine,Neutral,Mine,4,9,10/2/2014,-121.83440740000,36.59028793970
539,DIRECT FIRE RPT,Direct Fire,Friendly,Small Arms,2,3,10/2/2014,-121.82109650000,36.63761481010
540,CACHE FOUND/CLEARED RPT,Cache Found Cleared,Enemy,Unknown,1,9,10/2/2014,-121.89173050000,36.59761797990
541,IED EXPLOSION RPT,IED,Friendly,Unknown,0,1,10/2/2014,-121.83562740000,36.61324749010
542,ESCALATION OF FORCE RPT,Other,Enemy,Small Arms,4,0,10/2/2014,-121.89495010000,36.60745348990
543,UNEXPLODED ORDNANCE RPT,Unexploded Ordnance,Friendly,Unknown,0,0,10/2/2014,-121.83374180000,36.60024402970
544,ESCALATION OF FORCE RPT,Other,Enemy,Small Arms,1,5,10/3/2014,-121.92244350000,36.55370427020
545,MINE STRIKE RPT,Mine,Neutral,Mine,9,0,10/3/2014,-121.85560620000,36.60013951970
546,DIRECT FIRE RPT,Direct Fire,Friendly,Small Arms,9,2,10/3/2014,-121.93074950000,36.62160907980
547,IED EXPLOSION RPT,IED,Friendly,VOIED,0,2,10/3/2014,-121.82916830000,36.62655117010
548,ATTACK RPT,Attack,Friendly,Hand Grenade,9,9,10/3/2014,-121.88178430000,36.59127595040
549,IED EXPLOSION RPT,IED,Friendly,VOIED,0,3,10/3/2014,-121.81615580000,36.63800581980
550,INDIRECT FIRE RPT (Rocket),Indirect Fire,Friendly,Rocket,0,1,10/3/2014,-121.85894520000,36.61005493020
551,DIRECT FIRE RPT,Direct Fire,Friendly,Small Arms,0,1,10/3/2014,-121.92649560000,36.61781130030
552,DIRECT FIRE RPT,Direct Fire,Friendly,Small Arms,6,3,10/3/2014,-121.81852420000,36.63987814000
553,MINE FOUND/CLEARED RPT,Mine,Friendly,Mine,0,8,10/3/2014,-121.88023720000,36.58330876970
554,DIRECT FIRE RPT,Direct Fire,Friendly,RPG,9,9,10/25/2014,-121.83944240000,36.59504824010
555,SURVEILLANCE RPT,Surveillance,Enemy,Unknown,4,1,10/25/2014,-121.82685470000,36.61883057030
556,IED EXPLOSION RPT,IED,Friendly,VOIED,0,9,10/25/2014,-121.86703360000,36.59748222000
557,ATTACK RPT,Attack,Friendly,Small Arms,1,9,10/25/2014,-121.88820520000,36.59862619980
558,CACHE FOUND/CLEARED RPT,Cache Found Cleared,Enemy,Unknown,0,0,10/25/2014,-121.83374180000,36.60024402970
559,PROPAGANDA,Propaganda,Friendly,RPG,5,0,10/25/2014,-121.83883200000,36.60788411970
560,DIRECT FIRE RPT,Direct Fire,Friendly,Small Arms,9,9,10/25/2014,-121.85893230000,36.59635077030
561,ATTACK RPT,Attack,Neutral,Small Arms,9,9,10/25/2014,-121.90094270000,36.59692881010
562,ATTACK RPT,Attack,Neutral,Small Arms,0,6,10/25/2014,-121.91876940000,36.56755064000
563,IED EXPLOSION RPT,IED,Friendly,VOIED,0,8,10/25/2014,-121.88843000000,36.58436322980
564,INDIRECT FIRE RPT (Rocket),Indirect Fire,Friendly,Rocket,0,1,10/25/2014,-121.83562740000,36.61324749010
565,MINE FOUND/CLEARED RPT,Mine,Friendly,Mine,1,0,10/25/2014,-121.86225860000,36.60101421030
566,DETAIN RPT,Detain,Enemy,Unknown,0,9,10/25/2014,-121.89462630000,36.59470432970
567,IED EXPLOSION RPT,IED,Friendly,VOIED,3,9,10/25/2014,-121.86701830000,36.59788136010
568,INDIRECT FIRE RPT,Indirect Fire,Friendly,Small Arms,1,9,10/25/2014,-121.87143990000,36.59479019970
569,DIRECT FIRE RPT,Direct Fire,Friendly,Small Arms,8,5,10/25/2014,-121.92651330000,36.55104247030
570,CACHE FOUND/CLEARED RPT,Cache Found Cleared,Enemy,Unknown,9,8,10/25/2014,-121.82838420000,36.58233572020
571,INDIRECT FIRE RPT (Rocket),Indirect Fire,Friendly,Rocket,2,9,10/25/2014,-121.90775060000,36.59637058000
572,CACHE FOUND/CLEARED RPT,Cache Found Cleared,Enemy,Unknown,5,9,10/25/2014,-121.89597590000,36.59459402000
573,IED EXPLOSION RPT,IED,Friendly,VOIED,0,9,10/25/2014,-121.86616680000,36.59583896970
574,MINE FOUND/CLEARED RPT,Mine,Friendly,Mine,9,9,10/25/2014,-121.88737780000,36.59908867980
575,IED EXPLOSION RPT,IED,Friendly,VOIED,9,0,10/25/2014,-121.89563280000,36.60761831970
576,DIRECT FIRE RPT,Direct Fire,Friendly,Small Arms,4,1,10/25/2014,-121.92309900000,36.61945353020
577,CACHE FOUND/CLEARED RPT,Cache Found Cleared,Enemy,Unknown,2,0,10/25/2014,-121.83890390000,36.60563648020
578,DIRECT FIRE RPT,Direct Fire,Friendly,Small Arms,8,9,10/25/2014,-121.86256730000,36.59864380990
579,ATTACK RPT,Attack,Neutral,Small Arms,9,8,10/25/2014,-121.88627410000,36.58638008000
580,DIRECT FIRE RPT,Direct Fire,Friendly,Small Arms,9,0,10/25/2014,-121.83772630000,36.60623870980
581,CACHE FOUND/CLEARED RPT,Cache Found Cleared,Enemy,Unknown,0,1,10/26/2014,-121.92055390000,36.61197873970
582,IED EXPLOSION RPT,IED,Friendly,VOIED,4,1,10/26/2014,-121.91114410000,36.61407695990
583,MINE FOUND/CLEARED RPT,Mine,Friendly,Mine,8,0,10/26/2014,-121.86728240000,36.60287498980
584,UNEXPLODED ORDNANCE RPT,Unexploded Ordnance,Friendly,Unknown,9,1,10/26/2014,-121.91424710000,36.61678773030
585,ARSON,Arson,Friendly,Small Arms,1,9,10/26/2014,-121.86368780000,36.59583642020
586,ARREST RPT,Arrest,Neutral,Small Arms,0,5,10/26/2014,-121.91975350000,36.55104760980
587,INDIRECT FIRE RPT,Indirect Fire,Friendly,Unknown,0,1,10/26/2014,-121.93605940000,36.61711437030
588,IED EXPLOSION RPT,IED,Friendly,VOIED,8,4,10/26/2014,-121.91887250000,36.54592155990
589,INDIRECT FIRE RPT (Rocket),Indirect Fire,Friendly,Rocket,0,9,10/26/2014,-121.90562820000,36.59534725990
590,IED EXPLOSION RPT,IED,Friendly,VOIED,0,2,10/26/2014,-121.84271800000,36.62019129990
591,UNEXPLODED ORDNANCE RPT,Unexploded Ordnance,Friendly,Unknown,0,0,10/26/2014,-121.92257050000,36.60850801970
592,DIRECT FIRE RPT,Direct Fire,Friendly,Mortar,1,0,10/26/2014,-121.92649840000,36.60894442970
593,DIRECT FIRE RPT,Direct Fire,Friendly,Small Arms,9,9,10/26/2014,-121.88820520000,36.59862619980
594,INDIRECT FIRE RPT,Indirect Fire,Friendly,Mortar,1,9,10/27/2014,-121.95280890000,36.59494832020
595,CACHE FOUND/CLEARED RPT,Cache Found Cleared,Enemy,Unknown,1,9,10/27/2014,-121.86722820000,36.59689794010
596,ESCALATION OF FORCE RPT,Other,Enemy,Small Arms,5,7,10/27/2014,-121.91153610000,36.57545715000
597,INDIRECT FIRE RPT,Indirect Fire,Neutral,Mortar,0,1,10/27/2014,-121.82608940000,36.61884146970
598,MINE FOUND/CLEARED RPT,Mine,Friendly,Mine,9,9,10/27/2014,-121.87833550000,36.59157798010
599,SAFIRE RPT,Small Arms Fire,Friendly,Small Arms,9,1,10/27/2014,-121.85921960000,36.61020575020
600,IED EXPLOSION RPT,IED,Friendly,VOIED,9,0,10/27/2014,-121.83890390000,36.60563648020
601,INDIRECT FIRE RPT,Indirect Fire,Friendly,Mortar,9,2,10/27/2014,-121.82678510000,36.62316555000
602,SAFIRE RPT,Small Arms Fire,Neutral,Small Arms,8,9,10/27/2014,-121.88058790000,36.59152245010
603,IED EXPLOSION RPT,IED,Friendly,VOIED,5,8,10/27/2014,-121.89730490000,36.58229377020
604,MINE FOUND/CLEARED RPT,Mine,Friendly,Mine,9,0,10/27/2014,-121.92568000000,36.60439298010
605,SURVEILLANCE RPT,Surveillance,Enemy,Unknown,0,9,10/27/2014,-121.85847940000,36.59938419980
606,ESCALATION OF FORCE RPT,Other,Enemy,Small Arms,9,1,10/27/2014,-121.90975250000,36.61316438010
607,DETAIN RPT,Detain,Enemy,Unknown,9,0,10/28/2014,-121.83890390000,36.60563648020
608,DIRECT FIRE RPT,Direct Fire,Friendly,Small Arms,0,1,10/28/2014,-121.82254380000,36.61341382030
609,ATTACK RPT,Attack,Friendly,Hand Grenade,9,1,10/28/2014,-121.83410760000,36.61456100970
610,IED EXPLOSION RPT,IED,Friendly,VOIED,0,8,10/28/2014,-121.88280960000,36.58956476970
611,DIRECT FIRE RPT,Direct Fire,Friendly,Small Arms,8,8,10/28/2014,-121.89528350000,36.58803147970
612,IED EXPLOSION RPT,IED,Friendly,VOIED,9,1,10/28/2014,-121.83147890000,36.61889213990
613,CACHE FOUND/CLEARED RPT,Cache Found Cleared,Enemy,Unknown,0,3,10/28/2014,-121.82478370000,36.63882553000
614,DIRECT FIRE RPT,Direct Fire,Friendly,Mortar,0,2,10/28/2014,-121.83273140000,36.62358143990
615,ATTACK RPT,Attack,Friendly,Small Arms,8,8,10/28/2014,-121.87147490000,36.58925878020
616,DIRECT FIRE RPT,Direct Fire,Friendly,Small Arms,5,0,10/28/2014,-121.85104480000,36.60399930980
617,DIRECT FIRE RPT,Direct Fire,Friendly,RPG,0,0,10/28/2014,-121.86304300000,36.60011834000
618,IED EXPLOSION RPT,IED,Friendly,VOIED,8,2,10/28/2014,-121.93543880000,36.62247279020
619,INDIRECT FIRE RPT,Indirect Fire,Friendly,Small Arms,8,1,10/28/2014,-121.90863780000,36.61287077030
620,SAFIRE RPT,Small Arms Fire,Friendly,Small Arms,5,9,10/28/2014,-121.87146880000,36.59162418990
621,IED EXPLOSION RPT,IED,Friendly,VOIED,9,0,10/28/2014,-121.89692170000,36.60163703000
622,IED EXPLOSION RPT,IED,Friendly,VOIED,0,9,10/28/2014,-121.85218740000,36.59663750990
623,DIRECT FIRE RPT,Direct Fire,Friendly,Small Arms,2,1,10/28/2014,-121.92773160000,36.61900600990
624,INDIRECT FIRE RPT,Indirect Fire,Friendly,Mortar,8,9,10/29/2014,-121.90111360000,36.59687332010
625,DIRECT FIRE RPT,Direct Fire,Friendly,Small Arms,0,9,10/29/2014,-121.90094270000,36.59692881010
626,DIRECT FIRE RPT,Direct Fire,Friendly,Small Arms,1,9,10/29/2014,-121.88270750000,36.59949340000
627,DIRECT FIRE RPT,Direct Fire,Friendly,Small Arms,0,9,10/29/2014,-121.89419470000,36.59943091980
628,UNEXPLODED ORDNANCE RPT,Unexploded Ordnance,Friendly,Unknown,3,8,10/29/2014,-121.88060840000,36.58711552980
629,INDIRECT FIRE RPT,Indirect Fire,Friendly,Mortar,0,8,10/29/2014,-121.83006690000,36.58568906000
630,SAFIRE RPT,Small Arms Fire,Friendly,Small Arms,9,0,10/29/2014,-121.92868750000,36.60039600970
631,DISTURBANCE,Disturbance,Friendly,CWIED,1,9,10/29/2014,-121.89950380000,36.59751149020
632,INDIRECT FIRE RPT,Indirect Fire,Friendly,Mortar,8,9,10/29/2014,-121.86578190000,36.59838500980
633,DIRECT FIRE RPT,Direct Fire,Friendly,Small Arms,9,0,10/29/2014,-121.91676470000,36.60417403030
634,INDIRECT FIRE RPT (Rocket),Indirect Fire,Friendly,Rocket,9,0,10/29/2014,-121.85593750000,36.60992936030
635,IED EXPLOSION RPT,IED,Friendly,VOIED,1,9,10/29/2014,-121.88518260000,36.59710924990
636,IED EXPLOSION RPT,IED,Friendly,VOIED,0,0,10/29/2014,-121.92256150000,36.60829536010
637,IED EXPLOSION RPT,IED,Friendly,RCIED,8,9,10/29/2014,-121.86578190000,36.59838500980
638,IED EXPLOSION RPT,IED,Friendly,CWIED,3,9,10/29/2014,-121.90277730000,36.59772420980
639,IED EXPLOSION RPT,IED,Friendly,Unknown,9,0,10/29/2014,-121.93184890000,36.60152968980
640,INDIRECT FIRE RPT,Indirect Fire,Friendly,Mortar,9,9,10/30/2014,-121.92109970000,36.59558736020
641,DIRECT FIRE RPT,Direct Fire,Friendly,Small Arms,2,8,10/30/2014,-121.89998090000,36.58203193970
642,IED EXPLOSION RPT,IED,Friendly,Unknown,4,9,10/30/2014,-121.90101150000,36.59918117980
643,DIRECT FIRE RPT,Direct Fire,Friendly,Small Arms,4,0,10/30/2014,-121.86389620000,36.60176409030
644,IED EXPLOSION RPT,IED,Friendly,RCIED,3,9,10/30/2014,-121.94710530000,36.59503020000
645,DIRECT FIRE RPT,Direct Fire,Friendly,Small Arms,9,1,10/30/2014,-121.83562740000,36.61324749010
646,ATTACK RPT,Attack,Friendly,Small Arms,0,9,10/30/2014,-121.85724740000,36.59648841020
647,MINE STRIKE RPT,Mine,Friendly,Mine,5,0,10/30/2014,-121.85667160000,36.60043474000
648,ATTACK RPT,Attack,Enemy,Unknown,9,9,10/30/2014,-121.85162080000,36.59239190980
649,ARREST RPT,Arrest,Enemy,Unknown,1,4,10/30/2014,-121.92140070000,36.54669228030
650,DIRECT FIRE RPT,Direct Fire,Friendly,Small Arms,9,1,10/30/2014,-121.91863140000,36.61803266000
651,INDIRECT FIRE RPT,Indirect Fire,Friendly,Small Arms,1,1,10/30/2014,-121.82550300000,36.61910186030
652,INDIRECT FIRE RPT,Indirect Fire,Neutral,Mortar,0,0,10/30/2014,-121.85522710000,36.60001365020
653,INDIRECT FIRE RPT,Indirect Fire,Friendly,Small Arms,0,9,10/30/2014,-121.83373280000,36.59310342030
654,DISTURBANCE,Disturbance,Friendly,Small Arms,0,0,10/30/2014,-121.85257410000,36.60811641040
655,DIRECT FIRE RPT,Direct Fire,Friendly,Small Arms,0,9,10/30/2014,-121.87156540000,36.59033149020
656,DIRECT FIRE RPT,Direct Fire,Friendly,Small Arms,0,6,10/30/2014,-121.91876940000,36.56755064000
657,INDIRECT FIRE RPT (Rocket),Indirect Fire,Friendly,Rocket,1,9,10/30/2014,-121.86536210000,36.59972021980
658,INDIRECT FIRE RPT,Indirect Fire,Friendly,Unknown,3,9,10/30/2014,-121.90094270000,36.59692881010
659,DISTURBANCE,Disturbance,Friendly,Small Arms,2,9,10/30/2014,-121.86789020000,36.59551701990
660,DIRECT FIRE RPT,Direct Fire,Friendly,Small Arms,9,2,10/30/2014,-121.83063570000,36.62499869970
661,ARREST RPT,Arrest,Enemy,Unknown,0,1,10/30/2014,-121.84182660000,36.61316370010
662,ATTACK RPT,Attack,Friendly,Small Arms,8,1,10/31/2014,-121.91920490000,36.61514257020
663,INDIRECT FIRE RPT,Indirect Fire,Friendly,Mortar,8,0,10/31/2014,-121.83804060000,36.60149277030
664,ATTACK RPT,Attack,Friendly,Rocket,1,7,10/31/2014,-121.85712450000,36.57950197980
665,IED EXPLOSION RPT,IED,Friendly,VOIED,9,8,10/31/2014,-121.83268070000,36.58828989980
666,CACHE FOUND/CLEARED RPT,Cache Found Cleared,Enemy,Unknown,9,0,10/31/2014,-121.83914170000,36.60684345000
667,DIRECT FIRE RPT,Direct Fire,Friendly,Small Arms,9,4,10/31/2014,-121.92240790000,36.54313796990
668,ESCALATION OF FORCE RPT,Other,Enemy,Unknown,9,0,10/31/2014,-121.86547880000,36.60153641980
669,IED EXPLOSION RPT,IED,Friendly,VOIED,9,2,10/31/2014,-121.92028210000,36.62120933010
670,CACHE FOUND/CLEARED RPT,Cache Found Cleared,Enemy,Unknown,1,0,10/31/2014,-121.91355440000,36.60934687000
671,CACHE FOUND/CLEARED RPT,Cache Found Cleared,Enemy,Unknown,3,9,10/31/2014,-121.85049910000,36.59125645020
672,INDIRECT FIRE RPT,Indirect Fire,Friendly,Small Arms,0,4,10/31/2014,-121.92627880000,36.54939612000
673,INDIRECT FIRE RPT (Rocket),Indirect Fire,Friendly,Rocket,9,1,10/31/2014,-121.92002330000,36.61208050010
674,INDIRECT FIRE RPT,Indirect Fire,Friendly,Mortar,1,1,10/31/2014,-121.91099880000,36.61617840010
675,PROPAGANDA,Propaganda,Friendly,Small Arms,3,0,10/31/2014,-121.86781440000,36.60156337990
676,IED EXPLOSION RPT,IED,Friendly,VOIED,9,8,10/31/2014,-121.89454360000,36.58282104980
677,UNEXPLODED ORDNANCE RPT,Unexploded Ordnance,Friendly,,0,9,10/31/2014,-121.85485070000,36.59525840970
678,TURN IN RPT,Other,Friendly,Unknown,4,5,10/31/2014,-121.92335880000,36.55286369000
679,IED EXPLOSION RPT,IED,Friendly,Unknown,5,0,10/31/2014,-121.86495740000,36.60008089980
680,ESCALATION OF FORCE RPT,Other,Enemy,Small Arms,2,0,10/31/2014,-121.84343650000,36.60628395030
681,INDIRECT FIRE RPT,Other,Friendly,Mortar,9,9,10/31/2014,-121.90100250000,36.59957891980
682,INDIRECT FIRE RPT,Indirect Fire,Friendly,Mortar,9,0,10/31/2014,-121.85989770000,36.60170144970
683,IED EXPLOSION RPT,Direct Fire,Friendly,VOIED,8,0,11/1/2014,-121.86544000000,36.60202578030
684,DETAIN RPT,Detain,Neutral,Unknown,1,3,11/1/2014,-121.80809900000,36.63077427030
685,INDIRECT FIRE RPT,Indirect Fire,Friendly,Unknown,9,1,11/1/2014,-121.92613080000,36.61891356970
686,INDIRECT FIRE RPT,Indirect Fire,Friendly,Mortar,9,9,11/1/2014,-121.85305970000,36.59521305970
687,ESCALATION OF FORCE RPT,Other,Enemy,Small Arms,9,0,11/1/2014,-121.84982170000,36.60614520010
688,DISTURBANCE,Disturbance,Friendly,CWIED,9,0,11/1/2014,-121.83721320000,36.60394400010
689,IED EXPLOSION RPT,IED,Friendly,VOIED,0,9,11/1/2014,-121.89464430000,36.59326137990
690,DIRECT FIRE RPT,Direct Fire,Friendly,Small Arms,7,8,11/1/2014,-121.85033480000,36.58330876970
691,UNEXPLODED ORDNANCE RPT,Unexploded Ordnance,Friendly,Unknown,6,1,11/1/2014,-121.92343760000,36.61056924030
692,IED EXPLOSION RPT,IED,Friendly,VOIED,9,5,11/1/2014,-121.92344200000,36.55486542990
693,DETAIN RPT,Detain,Enemy,Unknown,1,0,11/1/2014,-121.83890390000,36.60563648020
694,DIRECT FIRE RPT,Direct Fire,Friendly,Small Arms,4,9,11/1/2014,-121.87284480000,36.59506507000
695,MURDER,Murder,Friendly,Small Arms,0,0,11/1/2014,-121.86676250000,36.60207473000
696,CACHE FOUND/CLEARED RPT,Cache Found Cleared,Enemy,Unknown,2,6,11/1/2014,-121.92009210000,36.56411586980
697,ACCIDENT,Accident,Friendly,Small Arms,9,1,11/1/2014,-121.82398230000,36.61987416990
698,SURVEILLANCE RPT,Surveillance,Enemy,Unknown,0,9,11/2/2014,-121.83243470000,36.59495503990
699,IED EXPLOSION RPT,IED,Friendly,Unknown,9,6,11/2/2014,-121.91876940000,36.56755064000
700,DIRECT FIRE RPT,Direct Fire,Friendly,Small Arms,9,9,11/2/2014,-121.86453830000,36.59818757000
701,CACHE FOUND/CLEARED RPT,Cache Found Cleared,Enemy,Unknown,9,0,11/2/2014,-121.93826710000,36.60616839000
702,DIRECT FIRE RPT,Direct Fire,Friendly,Small Arms,0,2,11/2/2014,-121.84262650000,36.62374254030
703,ARREST RPT,Arrest,Enemy,Unknown,9,1,11/2/2014,-121.83264170000,36.61660529020
704,DIRECT FIRE RPT,Direct Fire,Friendly,Small Arms,9,0,11/2/2014,-121.93935530000,36.60559508010
705,INDIRECT FIRE RPT,Indirect Fire,Friendly,Mortar,0,5,11/2/2014,-121.92595570000,36.55405975020
706,DIRECT FIRE RPT,Direct Fire,Friendly,Small Arms,9,9,11/2/2014,-121.89240500000,36.59423260030
707,IED EXPLOSION RPT,IED,Friendly,RCIED,9,2,11/2/2014,-121.84618690000,36.62123623000
708,ARREST RPT,Arrest,Enemy,Unknown,1,8,11/2/2014,-121.87686030000,36.58901918020
709,IED EXPLOSION RPT,IED,Friendly,VOIED,2,9,11/2/2014,-121.84123320000,36.59519359010
710,IED EXPLOSION RPT,IED,Friendly,VOIED,1,0,11/3/2014,-121.82402910000,36.60933671980
711,PROPAGANDA,Propaganda,Friendly,RPG,1,8,11/3/2014,-121.85023830000,36.58390521970
712,DIRECT FIRE RPT,Direct Fire,Friendly,Small Arms,0,3,11/3/2014,-121.92794040000,36.63319552970
713,MINE FOUND/CLEARED RPT,Mine,Friendly,Mine,9,0,11/3/2014,-121.84228660000,36.60542042990
714,ESCALATION OF FORCE RPT,Other,Enemy,Small Arms,9,8,11/3/2014,-121.82800570000,36.58142004030
715,IED EXPLOSION RPT,IED,Friendly,VOIED,0,1,11/3/2014,-121.84445320000,36.61012360020
716,IED EXPLOSION RPT,IED,Friendly,CWIED,0,9,11/3/2014,-121.85764310000,36.59874583020
717,IED EXPLOSION RPT,IED,Friendly,VOIED,8,0,11/3/2014,-121.86624610000,36.60346771970
718,DIRECT FIRE RPT,Direct Fire,Friendly,Mortar,5,8,11/24/2014,-121.85198050000,36.58452047010
719,DIRECT FIRE RPT,Direct Fire,Friendly,RPG,1,9,11/24/2014,-121.83454810000,36.59494579010
720,IED EXPLOSION RPT,IED,Friendly,VOIED,1,9,11/24/2014,-121.90404220000,36.59019975020
721,IED EXPLOSION RPT,IED,Friendly,VOIED,5,1,11/24/2014,-121.91673180000,36.61701126970
722,CACHE FOUND/CLEARED RPT,Cache Found Cleared,Enemy,Unknown,1,1,11/24/2014,-121.92100350000,36.61373643030
723,IED EXPLOSION RPT,IED,Friendly,VOIED,2,5,11/24/2014,-121.92008880000,36.55933742020
724,IED EXPLOSION RPT,IED,Friendly,Unknown,0,9,11/24/2014,-121.83620150000,36.59026338030
725,INDIRECT FIRE RPT,Other,Friendly,Mortar,8,8,11/24/2014,-121.87190950000,36.58827582020
726,ATTACK RPT,Attack,Friendly,Rocket,5,1,11/24/2014,-121.91147970000,36.61099814010
727,ASSASSINATION,Assassination,Neutral,Small Arms,0,1,11/24/2014,-121.92634670000,36.61479967020
728,IED EXPLOSION RPT,IED,Friendly,VOIED,9,5,11/24/2014,-121.91386340000,36.55573149020
729,ATTACK RPT,Attack,Neutral,Small Arms,8,8,11/24/2014,-121.83151180000,36.58689245980
730,INDIRECT FIRE RPT,Indirect Fire,Friendly,Mortar,8,0,11/24/2014,-121.84705220000,36.60330654010
731,DIRECT FIRE RPT,Direct Fire,Friendly,RPG,9,9,11/24/2014,-121.87911770000,36.59519749990
732,UNEXPLODED ORDNANCE RPT,Unexploded Ordnance,Friendly,Unknown,8,0,11/24/2014,-121.84315770000,36.60648742970
733,DISTURBANCE,Disturbance,Friendly,CWIED,2,4,11/25/2014,-121.92238990000,36.54381371970
734,IED EXPLOSION RPT,IED,Friendly,VOIED,9,9,11/25/2014,-121.89906580000,36.59787652010
735,INDIRECT FIRE RPT,Indirect Fire,Friendly,Unknown,8,1,11/25/2014,-121.82395720000,36.61222271020
736,INDIRECT FIRE RPT,Indirect Fire,Friendly,Unknown,4,2,11/25/2014,-121.91989310000,36.62054171030
737,MINE FOUND/CLEARED RPT,Mine,Friendly,Mine,1,8,11/25/2014,-121.85966030000,36.58539822010
738,DIRECT FIRE RPT,Direct Fire,Friendly,Small Arms,0,1,11/25/2014,-121.92591500000,36.61960692020
739,ESCALATION OF FORCE RPT,Other,Enemy,Small Arms,1,0,11/25/2014,-121.83301340000,36.60408274990
740,IED EXPLOSION RPT,IED,Friendly,Unknown,0,2,11/25/2014,-121.84202580000,36.62400743030
741,MINE FOUND/CLEARED RPT,Mine,Friendly,Mine,2,8,11/25/2014,-121.85101170000,36.58371099020
742,INDIRECT FIRE RPT,Indirect Fire,Neutral,Mortar,9,0,11/25/2014,-121.83285150000,36.60401781010
743,IED EXPLOSION RPT,IED,Friendly,Unknown,8,8,11/25/2014,-121.89848440000,36.58930253030
744,DIRECT FIRE RPT,Direct Fire,Friendly,RPG,0,0,11/25/2014,-121.83218780000,36.60494732010
745,DISTURBANCE,Disturbance,Friendly,CWIED,9,9,11/25/2014,-121.92109970000,36.59558736020
746,TURN IN RPT,Other,Friendly,Unknown,8,0,11/25/2014,-121.84273500000,36.60508150990
747,DIRECT FIRE RPT,Direct Fire,Friendly,RPG,9,9,11/25/2014,-121.86240240000,36.59503372970
748,ESCALATION OF FORCE RPT,Other,Enemy,Small Arms,0,0,11/25/2014,-121.83581930000,36.60190902010
749,ESCALATION OF FORCE RPT,Other,Enemy,Small Arms,0,8,11/25/2014,-121.85198050000,36.58452047010
750,DIRECT FIRE RPT,Direct Fire,Friendly,Small Arms,6,9,11/25/2014,-121.86976890000,36.59441010010
751,ATTACK RPT,Attack,Friendly,Small Arms,2,9,11/25/2014,-121.85922590000,36.59755236020
752,IED EXPLOSION RPT,IED,Friendly,Unknown,3,0,11/26/2014,-121.86824050000,36.60230911010
753,ATTACK RPT,Attack,Neutral,Small Arms,3,1,11/26/2014,-121.83942830000,36.61754580990
754,ATTACK RPT,Attack,Enemy,Unknown,4,9,11/26/2014,-121.83672760000,36.59409311000
755,MURDER,Murder,Friendly,Small Arms,1,9,11/26/2014,-121.87331910000,36.59456803030
756,CACHE FOUND/CLEARED RPT,Cache Found Cleared,Enemy,Unknown,9,9,11/26/2014,-121.87797570000,36.59458735000
757,IED EXPLOSION RPT,IED,Friendly,VOIED,9,8,11/26/2014,-121.85250610000,36.58282669000
758,ATTACK RPT,Attack,Neutral,Small Arms,0,8,11/26/2014,-121.89971460000,36.58820805970
759,IED EXPLOSION RPT,IED,Friendly,VOIED,4,9,11/26/2014,-121.86995800000,36.59338163030
760,ESCALATION OF FORCE RPT,Other,Enemy,Small Arms,9,2,11/26/2014,-121.83200660000,36.62011337980
761,IED EXPLOSION,IED,Friendly,Unknown,8,8,11/26/2014,-121.87681980000,36.58202308000
762,INDIRECT FIRE RPT,Indirect Fire,Friendly,Unknown,9,0,11/26/2014,-121.83750100000,36.60454523980
763,MINE STRIKE RPT,Mine,Neutral,Mine,0,9,11/26/2014,-121.85023470000,36.59954626020
764,IED EXPLOSION RPT,IED,Friendly,VOIED,9,8,11/26/2014,-121.82982450000,36.58161608030
765,CACHE FOUND/CLEARED RPT,Cache Found Cleared,Enemy,Unknown,9,9,11/26/2014,-121.84950210000,36.59370335970
766,IED EXPLOSION RPT,IED,Friendly,VOIED,0,0,11/27/2014,-121.89501510000,36.60099874970
767,UNEXPLODED ORDNANCE RPT,Unexploded Ordnance,Friendly,Unknown,9,8,11/27/2014,-121.85198050000,36.58452047010
768,ARREST RPT,Arrest,Enemy,None,9,7,11/27/2014,-121.85096430000,36.57951642970
769,IED EXPLOSION RPT,IED,Friendly,VOIED,2,9,11/27/2014,-121.89495460000,36.59460050970
770,DIRECT FIRE RPT,Direct Fire,Friendly,Small Arms,2,0,11/27/2014,-121.83720420000,36.60736614000
771,INDIRECT FIRE RPT (Rocket),Indirect Fire,Friendly,Rocket,9,0,11/27/2014,-121.91947150000,36.60353795030
772,ATTACK RPT,Attack,Friendly,Small Arms,9,8,11/27/2014,-121.87791070000,36.58739043970
773,DIRECT FIRE RPT,Direct Fire,Friendly,Small Arms,2,0,11/27/2014,-121.85495870000,36.60017651990
774,DIRECT FIRE RPT,Direct Fire,Friendly,Small Arms,0,9,11/27/2014,-121.90209880000,36.59526574970
775,IED EXPLOSION RPT,IED,Friendly,VOIED,9,0,11/27/2014,-121.86659160000,36.60213023010
776,MINE FOUND/CLEARED RPT,Mine,Friendly,Mine,0,0,11/27/2014,-121.83006360000,36.60924421970
777,IED EXPLOSION RPT,IED,Friendly,Unknown,9,9,11/27/2014,-121.84811630000,36.59135117030
778,DIRECT FIRE RPT,Direct Fire,Friendly,RPG,5,0,11/27/2014,-121.83668260000,36.60119671030
779,DIRECT FIRE RPT,Direct Fire,Friendly,VOIED,9,9,11/27/2014,-121.84064860000,36.59786680980
780,MINE FOUND/CLEARED RPT,Mine,Friendly,Mine,9,9,11/27/2014,-121.83257980000,36.59405714980
781,IED EXPLOSION RPT,IED,Friendly,CWIED,1,1,11/28/2014,-121.82808050000,36.61944532010
782,INDIRECT FIRE RPT,Indirect Fire,Friendly,Small Arms,0,2,11/28/2014,-121.93573560000,36.62366535990
783,DIRECT FIRE RPT,Direct Fire,Friendly,Small Arms,2,0,11/28/2014,-121.83890390000,36.60563648020
784,INDIRECT FIRE RPT,Indirect Fire,Friendly,Mortar,9,0,11/28/2014,-121.86558120000,36.60215862010
785,INDIRECT FIRE RPT,Indirect Fire,Friendly,Mortar,9,4,11/28/2014,-121.92627880000,36.54939612000
786,IED EXPLOSION RPT,IED,Friendly,RCIED,8,0,11/28/2014,-121.84554630000,36.60092681980
787,SMALL UNIT ACTIONS RPT,Other,Enemy,Small Arms,1,0,11/28/2014,-121.89688070000,36.60214267010
788,IED EXPLOSION RPT,IED,Friendly,Unknown,9,0,11/28/2014,-121.91697860000,36.60585748980
789,IED EXPLOSION RPT,IED,Friendly,VOIED,8,1,11/28/2014,-121.83788470000,36.61080546000
790,ATTACK RPT,Attack,Friendly,Rocket,0,4,11/28/2014,-121.92806020000,36.54724773980
791,DIRECT FIRE RPT,Direct Fire,Friendly,Small Arms,9,9,11/28/2014,-121.83951100000,36.59488838020
792,IED EXPLOSION RPT,IED,Friendly,Unknown,9,0,11/28/2014,-121.84100830000,36.60633973000
793,IED EXPLOSION RPT,IED,Friendly,VOIED,9,8,11/28/2014,-121.89509980000,36.58253204000
794,IED EXPLOSION RPT,IED,Friendly,VOIED,9,4,11/28/2014,-121.91923220000,36.54545876000
795,DIRECT FIRE RPT,Direct Fire,Friendly,Small Arms,1,0,11/28/2014,-121.85976840000,36.60180579970
796,DIRECT FIRE RPT,Direct Fire,Friendly,Small Arms,0,8,11/28/2014,-121.83816650000,36.58549975010
797,DIRECT FIRE RPT,Direct Fire,Friendly,Small Arms,0,9,11/28/2014,-121.85746510000,36.59469894000
798,MEDEVAC RPT,Other,Neutral,Unknown,1,4,11/28/2014,-121.91863740000,36.54945835990
799,SMALL UNIT ACTIONS RPT,Other,Enemy,Small Arms,9,9,11/28/2014,-121.85730050000,36.59463491030
800,IED EXPLOSION RPT,IED,Friendly,VOIED,6,8,11/28/2014,-121.85583610000,36.58018174990
801,IED EXPLOSION RPT,IED,Friendly,VOIED,5,9,11/28/2014,-121.84288160000,36.59599907010
802,DIRECT FIRE RPT,Direct Fire,Friendly,Small Arms,3,1,11/28/2014,-121.90368250000,36.61214725970
803,IED EXPLOSION RPT,IED,Friendly,VOIED,4,8,11/29/2014,-121.84331110000,36.58834981030
804,ESCALATION OF FORCE RPT,Other,Enemy,Unknown,9,0,11/29/2014,-121.83846330000,36.60898480980
805,IED EXPLOSION RPT,IED,Friendly,CWIED,9,4,11/29/2014,-121.92637770000,36.54920176980
806,DIRECT FIRE RPT,Direct Fire,Friendly,Small Arms,3,0,11/29/2014,-121.93871660000,36.60938077010
807,SURVEILLANCE RPT,Surveillance,Enemy,Unknown,3,8,11/29/2014,-121.89280070000,36.58829431990
808,DIRECT FIRE RPT,Direct Fire,Friendly,Small Arms,5,8,11/29/2014,-121.85147690000,36.58936726980
809,IED EXPLOSION RPT,IED,Friendly,VOIED,4,8,11/29/2014,-121.84741520000,36.58355227030
810,ATTACK RPT,Attack,Friendly,Small Arms,9,5,11/29/2014,-121.92573090000,36.55515190000
811,IED EXPLOSION RPT,IED,Friendly,VOIED,0,2,11/29/2014,-121.92089430000,36.62209663030
812,INDIRECT FIRE RPT,Indirect Fire,Friendly,Small Arms,8,5,11/29/2014,-121.91972340000,36.55768823030
813,INTERDICTION RPT,Other,Friendly,VBIED,0,9,11/29/2014,-121.94992920000,36.59334655970
814,IED EXPLOSION RPT,IED,Friendly,VOIED,2,0,11/29/2014,-121.85832590000,36.60339965020
815,INDIRECT FIRE RPT,Indirect Fire,Friendly,Mortar,5,0,11/29/2014,-121.85843710000,36.60095796010
816,CACHE FOUND/CLEARED RPT,Cache Found Cleared,Enemy,Unknown,1,7,11/29/2014,-121.82630390000,36.57938395990
817,INDIRECT FIRE RPT (Rocket),Indirect Fire,Friendly,Rocket,1,1,11/29/2014,-121.91219920000,36.61138668030
818,DIRECT FIRE RPT,Direct Fire,Friendly,Small Arms,4,5,11/30/2014,-121.91460930000,36.55737932990
819,INDIRECT FIRE RPT,Indirect Fire,Friendly,Mortar,9,0,11/30/2014,-121.92256150000,36.60829536010
820,DIRECT FIRE RPT,Direct Fire,Friendly,VOIED,9,0,11/30/2014,-121.83064820000,36.60731064010
821,IED EXPLOSION RPT,IED,Friendly,VOIED,9,0,11/30/2014,-121.83752800000,36.60050300020
822,DIRECT FIRE RPT,Direct Fire,Friendly,Small Arms,9,8,11/30/2014,-121.82893420000,36.58384799990
823,DETAIN RPT,Detain,Enemy,Unknown,0,8,11/30/2014,-121.84741520000,36.58355227030
824,SURVEILLANCE RPT,Surveillance,Enemy,Unknown,8,1,11/30/2014,-121.82685470000,36.61883057030
825,IED EXPLOSION RPT,IED,Friendly,VOIED,0,9,11/30/2014,-121.88689220000,36.59933842010
826,ESCALATION OF FORCE RPT,Other,Enemy,Unknown,1,8,11/30/2014,-121.82848700000,36.58251913000
827,DIRECT FIRE RPT,Direct Fire,Friendly,Small Arms,5,9,11/30/2014,-121.94992920000,36.59334655970
828,INDIRECT FIRE RPT,Indirect Fire,Friendly,Mortar,0,9,11/30/2014,-121.88244530000,36.59093379030
829,ATTACK RPT,Attack,Friendly,Small Arms,9,0,11/30/2014,-121.86552450000,36.60195760000
830,ARREST RPT,Arrest,Enemy,Unknown,1,8,11/30/2014,-121.87135950000,36.58841579990
831,IED EXPLOSION RPT,IED,Friendly,CWIED,0,9,11/30/2014,-121.94879610000,36.59342521000
832,DIRECT FIRE RPT,Direct Fire,Friendly,Small Arms,5,1,11/30/2014,-121.83184700000,36.61524243010
833,IED EXPLOSION RPT,IED,Friendly,VOIED,9,4,11/30/2014,-121.91908210000,36.54932788020
834,SMALL UNIT ACTIONS RPT,Other,Enemy,Small Arms,0,4,11/30/2014,-121.92627880000,36.54939612000
835,DIRECT FIRE RPT,Direct Fire,Friendly,Small Arms,9,9,11/30/2014,-121.84289740000,36.59596227990
836,DIRECT FIRE RPT,Direct Fire,Friendly,Small Arms,5,9,11/30/2014,-121.86733370000,36.59601986000
837,IED EXPLOSION RPT,IED,Friendly,VOIED,9,8,11/30/2014,-121.82893420000,36.58384799990
838,INTERDICTION RPT,IED,Friendly,VBIED,9,9,12/1/2014,-121.86205580000,36.59502584020
839,INDIRECT FIRE RPT,Indirect Fire,Friendly,Small Arms,1,4,12/1/2014,-121.91882410000,36.54855269010
840,IED EXPLOSION RPT,IED,Friendly,VOIED,9,9,12/1/2014,-121.83326210000,36.59612051990
841,IED EXPLOSION RPT,IED,Friendly,Unknown,0,8,12/1/2014,-121.84434530000,36.58481645990
842,ESCALATION OF FORCE RPT,Other,Enemy,Unknown,1,2,12/1/2014,-121.92536640000,36.62509830020
843,SURVEILLANCE RPT,Surveillance,Enemy,Unknown,4,6,12/1/2014,-121.91507320000,36.56710664970
844,INDIRECT FIRE RPT,Indirect Fire,Friendly,Unknown,0,9,12/1/2014,-121.86992610000,36.59198628030
845,IED EXPLOSION RPT,IED,Friendly,VOIED,2,0,12/1/2014,-121.85447160000,36.60755216990
846,IED EXPLOSION RPT,IED,Friendly,VOIED,0,1,12/1/2014,-121.90549920000,36.61023955980
847,DETAIN RPT,Detain,Enemy,Unknown,9,0,12/1/2014,-121.92661260000,36.60656015990
848,INDIRECT FIRE RPT,Indirect Fire,Friendly,Small Arms,4,2,12/1/2014,-121.83946190000,36.62191709030
849,INDIRECT FIRE RPT,Indirect Fire,Friendly,Small Arms,9,8,12/1/2014,-121.87693080000,36.58844069020
850,DISTURBANCE,Disturbance,Friendly,Small Arms,4,0,12/1/2014,-121.83846330000,36.60898480980
851,INDIRECT FIRE RPT,Indirect Fire,Friendly,Mortar,9,2,12/1/2014,-121.91777020000,36.62137766980
852,ARREST RPT,Arrest,Enemy,Unknown,1,1,12/1/2014,-121.91879240000,36.61535985000
853,CACHE FOUND/CLEARED RPT,Cache Found Cleared,Enemy,Unknown,4,0,12/1/2014,-121.83490170000,36.60041699030
854,ASSASSINATION,Assassination,Neutral,Small Arms,0,0,12/1/2014,-121.83129570000,36.60484124010
855,UNEXPLODED ORDNANCE RPT,Unexploded Ordnance,Friendly,Unknown,0,4,12/2/2014,-121.91901750000,36.54330457030
856,DIRECT FIRE RPT,Direct Fire,Friendly,Small Arms,9,3,12/2/2014,-121.83191930000,36.63061916010
857,ATTACK RPT,Attack,Enemy,Unknown,9,0,12/2/2014,-121.95388640000,36.60126868970
858,ESCALATION OF FORCE RPT,Other,Enemy,Small Arms,1,8,12/2/2014,-121.82831350000,36.58257574990
859,INDIRECT FIRE RPT,Indirect Fire,Friendly,Small Arms,4,1,12/2/2014,-121.83562740000,36.61324749010
860,DIRECT FIRE RPT,Direct Fire,Friendly,Small Arms,0,9,12/2/2014,-121.89253090000,36.59119871010
861,IED EXPLOSION RPT,IED,Friendly,VOIED,9,4,12/2/2014,-121.92399520000,36.54539644970
862,INDIRECT FIRE RPT,Direct Fire,Friendly,Mortar,9,0,12/2/2014,-121.84112530000,36.60682967010
863,IED EXPLOSION RPT,IED,Friendly,CWIED,8,9,12/2/2014,-121.89810670000,36.59049573990
864,DIRECT FIRE RPT,Direct Fire,Friendly,Small Arms,8,9,12/2/2014,-121.86667540000,36.59969915970
865,INDIRECT FIRE RPT (Rocket),Indirect Fire,Friendly,Rocket,2,2,12/2/2014,-121.84256800000,36.62422672980
866,CACHE FOUND/CLEARED RPT,Cache Found Cleared,Enemy,Unknown,2,1,12/2/2014,-121.82723120000,36.61123357030
867,DIRECT FIRE RPT,Direct Fire,Friendly,Small Arms,1,0,12/2/2014,-121.93521840000,36.60455942970
868,MEDEVAC RPT,Other,Neutral,Unknown,9,0,12/2/2014,-121.83846330000,36.60898480980
869,IED EXPLOSION RPT,IED,Friendly,Unknown,2,0,12/2/2014,-121.89420760000,36.60061695000
870,DETAIN RPT,Detain,Enemy,Unknown,0,8,12/2/2014,-121.84530460000,36.58287856970
871,DIRECT FIRE RPT,Direct Fire,Friendly,Small Arms,1,9,12/2/2014,-121.87975170000,36.59514123970
872,IED EXPLOSION RPT,IED,Friendly,VOIED,9,0,12/2/2014,-121.93650450000,36.60761091030
873,MINE FOUND/CLEARED RPT,Mine,Friendly,Mine,9,8,12/2/2014,-121.85869720000,36.58279439030
874,CACHE FOUND/CLEARED RPT,Cache Found Cleared,Enemy,Unknown,9,8,12/2/2014,-121.89091220000,36.58688838010
875,IED EXPLOSION RPT,IED,Friendly,VOIED,0,0,12/2/2014,-121.92256150000,36.60829536010
876,DIRECT FIRE RPT,Direct Fire,Friendly,Small Arms,0,1,12/2/2014,-121.91733420000,36.61378368960
877,ASSASSINATION,Assassination,Neutral,Small Arms,1,9,12/3/2014,-121.89829870000,36.59544899960
878,INDIRECT FIRE RPT,Indirect Fire,Friendly,Mortar,8,1,12/3/2014,-121.84445900000,36.61015542980
879,DIRECT FIRE RPT,Direct Fire,Friendly,Small Arms,0,0,12/25/2014,-121.88591580000,36.60011113970
880,IED EXPLOSION RPT,IED,Friendly,VOIED,9,1,12/25/2014,-121.90772050000,36.61601183000
881,ESCALATION OF FORCE RPT,Other,Enemy,Small Arms,1,1,12/25/2014,-121.92434900000,36.61815838970
882,TURN IN RPT,Other,Friendly,Unknown,5,8,12/25/2014,-121.85124100000,36.58381215030
883,ESCALATION OF FORCE RPT,Other,Enemy,Unknown,0,1,12/25/2014,-121.82293250000,36.61459764970
884,SURVEILLANCE RPT,Surveillance,Enemy,Unknown,1,0,12/25/2014,-121.94246700000,36.60177612010
885,IED EXPLOSION RPT,IED,Friendly,VOIED,8,9,12/25/2014,-121.89714120000,36.59911610020
886,DIRECT FIRE RPT,Direct Fire,Friendly,RPG,0,0,12/25/2014,-121.83301340000,36.60408274990
887,MINE STRIKE RPT,Mine,Neutral,Mine,0,2,12/25/2014,-121.83141340000,36.62030233010
888,ESCALATION OF FORCE RPT,Other,Enemy,Small Arms,1,4,12/25/2014,-121.92637770000,36.54920176980
889,CACHE FOUND/CLEARED RPT,Cache Found Cleared,Enemy,Unknown,9,0,12/25/2014,-121.85999660000,36.60150719010
890,DIRECT FIRE RPT,Direct Fire,Friendly,Small Arms,9,9,12/25/2014,-121.89348420000,36.59716474990
891,IED EXPLOSION RPT,IED,Friendly,VOIED,1,2,12/25/2014,-121.84308620000,36.62241658970
892,CACHE FOUND/CLEARED RPT,Cache Found Cleared,Enemy,Unknown,0,5,12/25/2014,-121.91997530000,36.55256046970
893,INDIRECT FIRE RPT,Indirect Fire,Friendly,Mortar,9,0,12/26/2014,-121.86298500000,36.60225219020
894,MINE STRIKE RPT,Mine,Neutral,Mine,9,9,12/26/2014,-121.89086720000,36.59661901010
895,IED EXPLOSION RPT,IED,Friendly,Unknown,1,5,12/26/2014,-121.91362960000,36.55549087990
896,ESCALATION OF FORCE RPT,Other,Enemy,Small Arms,0,4,12/26/2014,-121.92140070000,36.54837688030
897,ATTACK RPT,Attack,Friendly,Small Arms,8,2,12/26/2014,-121.93047970000,36.62211786020
898,ATTACK RPT,Attack,Friendly,Rocket,9,4,12/26/2014,-121.92576690000,36.54845087980
899,MEDEVAC RPT,Other,Neutral,Unknown,1,8,12/26/2014,-121.85198050000,36.58452047010
900,IED EXPLOSION RPT,IED,Friendly,CWIED,3,9,12/26/2014,-121.85968840000,36.59944580010
901,IED EXPLOSION RPT,IED,Friendly,RCIED,1,9,12/26/2014,-121.86821450000,36.59536078000
902,IED EXPLOSION RPT,IED,Friendly,Unknown,8,9,12/26/2014,-121.86874440000,36.59479442030
903,INDIRECT FIRE RPT,Indirect Fire,Friendly,Mortar,9,0,12/26/2014,-121.91129010000,36.60888142000
904,DIRECT FIRE RPT,Direct Fire,Friendly,Small Arms,8,1,12/26/2014,-121.92333280000,36.61665047990
905,INDIRECT FIRE RPT,Indirect Fire,Friendly,Mortar,1,8,12/26/2014,-121.87368430000,36.58537048030
906,ESCALATION OF FORCE RPT,Other,Neutral,Small Arms,0,9,12/26/2014,-121.84493840000,36.59791305980
907,DIRECT FIRE RPT,Direct Fire,Friendly,RPG,1,8,12/26/2014,-121.89948270000,36.58852556020
908,DIRECT FIRE RPT,Direct Fire,Friendly,RPG,0,9,12/26/2014,-121.84122500000,36.59388340030
909,IED EXPLOSION RPT,IED,Friendly,VOIED,0,1,12/26/2014,-121.91038210000,36.61524719980
910,DIRECT FIRE RPT,Direct Fire,Friendly,RPG,0,9,12/26/2014,-121.93361580000,36.59956344970
911,IED EXPLOSION RPT,IED,Friendly,VOIED,4,8,12/26/2014,-121.85198050000,36.58452047010
912,IED EXPLOSION RPT,IED,Friendly,VOIED,9,5,12/26/2014,-121.92596470000,36.55501307010
913,ESCALATION OF FORCE RPT,Other,Enemy,Small Arms,9,1,12/26/2014,-121.91057130000,36.61097309990
914,DIRECT FIRE RPT,Direct Fire,Friendly,Small Arms,9,9,12/26/2014,-121.94869000000,36.59555865980
915,IED EXPLOSION RPT,IED,Friendly,VOIED,8,1,12/26/2014,-121.90131850000,36.61381110990
916,SAFIRE RPT,Small Arms Fire,Friendly,Small Arms,1,9,12/27/2014,-121.84614680000,36.59739664010
917,DIRECT FIRE RPT,Direct Fire,Friendly,Small Arms,0,8,12/27/2014,-121.88208560000,36.58938912970
918,IED EXPLOSION RPT,IED,Friendly,VOIED,3,9,12/27/2014,-121.84071250000,36.59958298010
919,DIRECT FIRE RPT,Direct Fire,Friendly,Small Arms,4,0,12/27/2014,-121.85663900000,36.60148434990
920,DIRECT FIRE RPT,Direct Fire,Friendly,Small Arms,0,1,12/27/2014,-121.83606240000,36.61855872990
921,PROPAGANDA,Propaganda,Friendly,RPG,9,9,12/27/2014,-121.83719960000,36.59196572020
922,IED EXPLOSION RPT,IED,Friendly,VOIED,0,4,12/27/2014,-121.81874930000,36.64051685020
923,INDIRECT FIRE RPT,Indirect Fire,Friendly,Mortar,1,0,12/27/2014,-121.85234020000,36.60625721030
924,IED EXPLOSION RPT,IED,Friendly,CWIED,5,0,12/27/2014,-121.93594690000,36.60812873980
925,IED EXPLOSION RPT,IED,Friendly,VOIED,8,1,12/27/2014,-121.82989750000,36.61244262000
926,DIRECT FIRE RPT,Direct Fire,Friendly,Small Arms,5,8,12/28/2014,-121.84903810000,36.58385973020
927,SAFIRE RPT,Small Arms Fire,Neutral,Small Arms,1,9,12/28/2014,-121.86578190000,36.59838500980
928,DIRECT FIRE RPT,Direct Fire,Friendly,Small Arms,9,9,12/28/2014,-121.84716530000,36.59199248030
929,INDIRECT FIRE RPT,Indirect Fire,Friendly,Mortar,9,3,12/28/2014,-121.92915410000,36.63329361020
930,DIRECT FIRE RPT,Direct Fire,Friendly,Small Arms,1,9,12/28/2014,-121.84069360000,36.59998504020
931,UNEXPLODED ORDNANCE RPT,Unexploded Ordnance,Friendly,Unknown,2,1,12/28/2014,-121.83466680000,36.61243343000
932,(COUNTER-INSURGENCY) DEFECTING RPT,Other,Friendly,Unknown,9,9,12/28/2014,-121.90581790000,36.59537058000
933,DIRECT FIRE RPT,Direct Fire,Friendly,Small Arms,0,9,12/28/2014,-121.87956950000,36.59148098980
934,IED EXPLOSION RPT,IED,Friendly,VOIED,2,9,12/28/2014,-121.94731150000,36.59525236010
935,CACHE FOUND/CLEARED RPT,Cache Found Cleared,Enemy,Unknown,0,0,12/28/2014,-121.92433050000,36.60877269020
936,DETAIN RPT,Detain,Enemy,Unknown,3,9,12/28/2014,-121.87858610000,36.59262438990
937,IED EXPLOSION RPT,IED,Friendly,CWIED,2,0,12/28/2014,-121.83494690000,36.60488749020
938,DIRECT FIRE RPT,Direct Fire,Friendly,Small Arms,6,0,12/28/2014,-121.85989770000,36.60170144970
939,INDIRECT FIRE RPT (Rocket),Indirect Fire,Friendly,Rocket,1,5,12/28/2014,-121.92767350000,36.55003362970
940,DIRECT FIRE RPT,Direct Fire,Friendly,Small Arms,9,5,12/28/2014,-121.92595570000,36.55405975020
941,DIRECT FIRE RPT,Direct Fire,Friendly,Small Arms,2,9,12/28/2014,-121.87478500000,36.59353201980
942,IED EXPLOSION RPT,IED,Friendly,VOIED,9,9,12/28/2014,-121.88820520000,36.59862619980
943,DIRECT FIRE RPT,Direct Fire,Friendly,Small Arms,5,9,12/28/2014,-121.85068950000,36.59827498010
944,DIRECT FIRE RPT,Direct Fire,Friendly,Small Arms,9,1,12/28/2014,-121.84605400000,36.61107428970
945,MINE STRIKE RPT,Mine,Neutral,Mine,4,8,12/28/2014,-121.83006690000,36.58568906000
946,UNEXPLODED ORDNANCE RPT,Unexploded Ordnance,Friendly,Unknown,2,5,12/28/2014,-121.92781390000,36.55225623000
947,IED EXPLOSION RPT,IED,Friendly,VOIED,2,9,12/28/2014,-121.83782470000,36.59735817020
948,DIRECT FIRE RPT,Direct Fire,Friendly,Small Arms,9,9,12/28/2014,-121.88076080000,36.59150851970
949,IED EXPLOSION RPT,IED,Friendly,CWIED,0,4,12/28/2014,-121.92399520000,36.54539644970
950,IED EXPLOSION RPT,IED,Friendly,Unknown,0,4,12/28/2014,-121.91592380000,36.54240673980
951,IED EXPLOSION RPT,IED,Friendly,Unknown,0,3,12/28/2014,-121.81441430000,36.63934206000
952,DIRECT FIRE RPT,Direct Fire,Friendly,Small Arms,1,1,12/28/2014,-121.92386450000,36.61949597980
953,DIRECT FIRE RPT,Direct Fire,Friendly,Small Arms,9,5,12/28/2014,-121.92815910000,36.55225493970
954,DIRECT FIRE RPT,Direct Fire,Friendly,Small Arms,0,1,12/28/2014,-121.83054300000,36.61417863030
955,INDIRECT FIRE RPT,Indirect Fire,Friendly,Small Arms,2,0,12/28/2014,-121.85608100000,36.60787487000
956,INDIRECT FIRE RPT,Indirect Fire,Friendly,Mortar,1,9,12/29/2014,-121.86656320000,36.59807421020
957,INDIRECT FIRE RPT (Rocket),Indirect Fire,Friendly,Rocket,5,1,12/29/2014,-121.91309580000,36.61487617010
958,DIRECT FIRE RPT,Direct Fire,Friendly,Small Arms,4,9,12/29/2014,-121.95082970000,36.59230052030
959,DIRECT FIRE RPT,Direct Fire,Friendly,Small Arms,5,5,12/29/2014,-121.92242610000,36.55130868020
960,ATTACK RPT,Attack,Neutral,Small Arms,8,9,12/29/2014,-121.89242300000,36.59472283010
961,INDIRECT FIRE RPT,Indirect Fire,Friendly,Mortar,5,9,12/29/2014,-121.89741420000,36.59269714980
962,DIRECT FIRE RPT,Direct Fire,Friendly,Small Arms,8,5,12/29/2014,-121.92513270000,36.55405112990
963,CACHE FOUND/CLEARED RPT,Cache Found Cleared,Enemy,Unknown,0,6,12/29/2014,-121.91573880000,36.56066956000
964,INDIRECT FIRE RPT,Indirect Fire,Friendly,Small Arms,0,2,12/29/2014,-121.93385600000,36.62688253990
965,DIRECT FIRE RPT,Direct Fire,Friendly,Small Arms,0,0,12/29/2014,-121.91899310000,36.60665662000
966,DIRECT FIRE RPT,Direct Fire,Friendly,Small Arms,8,1,12/29/2014,-121.93586150000,36.61719404980
967,DETAIN RPT,Detain,Neutral,Unknown,0,0,1/2/2015,-121.84861660000,36.60761588020
968,SURVEILLANCE RPT,Surveillance,Enemy,Unknown,1,0,12/29/2014,-121.82787560000,36.60088087020
969,ESCALATION OF FORCE RPT,Other,Enemy,Small Arms,1,1,12/29/2014,-121.83091230000,36.61868863990
970,CACHE FOUND/CLEARED RPT,Cache Found Cleared,Enemy,Unknown,0,5,12/29/2014,-121.92135880000,36.55254657980
971,DIRECT FIRE RPT,Direct Fire,Friendly,Small Arms,1,0,12/29/2014,-121.93826710000,36.60616839000
972,ATTACK RPT,Attack,Enemy,Small Arms,0,8,12/29/2014,-121.86973980000,36.58897172970
973,IED EXPLOSION RPT (PBIED),IED,Friendly,PBIED,8,8,12/29/2014,-121.89848440000,36.58930253030
974,ATTACK RPT,Attack,Friendly,Rocket,1,1,12/29/2014,-121.84936350000,36.61762517970
975,ATTACK RPT,Attack,Neutral,Small Arms,0,0,12/29/2014,-121.83254570000,36.60645998020
976,ARREST RPT,Arrest,Enemy,Unknown,5,0,12/29/2014,-121.90092360000,36.60920251010
977,IED EXPLOSION RPT,IED,Friendly,VOIED,2,2,12/29/2014,-121.91900280000,36.62157707980
978,ARREST RPT,Arrest,Enemy,Unknown,8,8,12/29/2014,-121.87695950000,36.58817745020
979,INDIRECT FIRE RPT,Indirect Fire,Friendly,Mortar,9,1,12/29/2014,-121.92206190000,36.61798314000
980,INDIRECT FIRE RPT,Indirect Fire,Friendly,Small Arms,3,2,12/29/2014,-121.83063990000,36.62006193030
981,INDIRECT FIRE RPT,Indirect Fire,Friendly,Mortar,1,4,12/29/2014,-121.91943490000,36.54850001000
982,DIRECT FIRE RPT,Direct Fire,Friendly,VOIED,0,9,12/29/2014,-121.86124750000,36.59691184000
983,ESCALATION OF FORCE RPT,Other,Neutral,Small Arms,1,5,12/29/2014,-121.91071030000,36.55269044970
984,IED EXPLOSION RPT,IED,Friendly,Unknown,8,3,12/29/2014,-121.81206510000,36.63575416030
985,DIRECT FIRE RPT,Direct Fire,Friendly,Small Arms,1,0,12/29/2014,-121.90287310000,36.60705268970
986,MINE STRIKE RPT,Mine,Friendly,Mine,2,1,12/29/2014,-121.83774090000,36.61173048030
987,INDIRECT FIRE RPT,Indirect Fire,Friendly,Small Arms,8,9,12/29/2014,-121.84390740000,36.59762787990
988,INDIRECT FIRE RPT,Indirect Fire,Friendly,Mortar,2,9,12/30/2014,-121.85414790000,36.59043097970
989,INDIRECT FIRE RPT,Indirect Fire,Friendly,Small Arms,1,2,12/30/2014,-121.83017550000,36.62299904980
990,ARREST RPT,Arrest,Enemy,Unknown,2,7,12/30/2014,-121.91072670000,36.57602895030
991,IED EXPLOSION RPT,IED,Friendly,VOIED,7,9,12/30/2014,-121.88820520000,36.59862619980
992,DETAIN RPT,Detain,Enemy,Unknown,9,8,12/30/2014,-121.88215620000,36.58957442980
993,DIRECT FIRE RPT,Direct Fire,Friendly,Small Arms,5,9,12/30/2014,-121.85872930000,36.59918220960
994,SAFIRE RPT,Small Arms Fire,Friendly,Small Arms,0,8,12/30/2014,-121.90186180000,36.58152949960
995,CACHE FOUND/CLEARED RPT,Cache Found Cleared,Enemy,Unknown,9,2,12/30/2014,-121.83998700000,36.62489265010
996,SAFIRE RPT,Small Arms Fire,Friendly,Small Arms,2,1,12/30/2014,-121.83410760000,36.61456100970
997,DIRECT FIRE RPT,Direct Fire,Friendly,Small Arms,9,2,12/30/2014,-121.82095250000,36.62128462030
998,DIRECT FIRE RPT,Direct Fire,Enemy,Mortar,9,2,12/30/2014,-121.92351900000,36.62233987010
999,DIRECT FIRE RPT,Direct Fire,Friendly,Small Arms,2,7,12/30/2014,-121.85710410000,36.57935853000
1000,CACHE FOUND/CLEARED RPT,Cache Found Cleared,Enemy,Unknown,9,0,12/30/2014,-121.83272600000,36.60893963000
